-- phpMyAdmin SQL Dump
-- version 4.4.12
-- http://www.phpmyadmin.net
--
-- Хост: localhost
-- Время создания: Авг 31 2015 г., 01:58
-- Версия сервера: 5.6.25-0ubuntu0.15.04.1
-- Версия PHP: 5.6.4-4ubuntu6.2

SET SQL_MODE = "NO_AUTO_VALUE_ON_ZERO";
SET time_zone = "+00:00";


/*!40101 SET @OLD_CHARACTER_SET_CLIENT=@@CHARACTER_SET_CLIENT */;
/*!40101 SET @OLD_CHARACTER_SET_RESULTS=@@CHARACTER_SET_RESULTS */;
/*!40101 SET @OLD_COLLATION_CONNECTION=@@COLLATION_CONNECTION */;
/*!40101 SET NAMES utf8mb4 */;

--
-- База данных: `CMS`
--

-- --------------------------------------------------------

--
-- Структура таблицы `about_us_data`
--

CREATE TABLE IF NOT EXISTS `about_us_data` (
  `id` int(11) NOT NULL,
  `data` text NOT NULL
) ENGINE=MyISAM AUTO_INCREMENT=2 DEFAULT CHARSET=utf8;

--
-- Дамп данных таблицы `about_us_data`
--

INSERT INTO `about_us_data` (`id`, `data`) VALUES
(1, '<p>Donec ut ex ac nulla pellentesque mollis in a enim. Praesent placerat sapien mauris, vitae sodales tellus venenatis ac. Suspendisse suscipit velit id ultricies auctor. Duis turpis arcu, aliquet sed sollicitudin sed, porta quis urna. Quisque velit nibh, egestas et erat a, vehicula interdum augue. Morbi ut elementum justo. Sed eu nibh orci. Vivamus elementum erat orci. Curabitur consequat convallis dapibus.</p>\n\n<p>Donec ut ex ac nulla pellentesque mollis in a enim. Praesent placerat sapien mauris, vitae sodales tellus venenatis ac. Suspendisse suscipit velit id ultricies auctor. Duis turpis arcu, aliquet sed sollicitudin sed, porta quis urna. Quisque velit nibh, egestas et erat a, vehicula interdum augue. Morbi ut elementum justo. Sed eu nibh orci. Vivamus elementum erat orci. Curabitur consequat convallis dapibus.</p>\n\n<p>Donec ut ex ac nulla pellentesque mollis in a enim. Praesent placerat sapien mauris, vitae sodales tellus venenatis ac. Suspendisse suscipit velit id ultricies auctor. Duis turpis arcu, aliquet sed sollicitudin sed, porta quis urna. Quisque velit nibh, egestas et erat a, vehicula interdum augue. Morbi ut elementum justo. Sed eu nibh orci. Vivamus elementum erat orci. Curabitur consequat convallis dapibus.</p>\n\n<p>&nbsp;</p>\n\n<p>&nbsp;</p>\n\n<iframe src="https://www.google.com/maps/embed?pb=!1m18!1m12!1m3!1d4967.733840188545!2d31.2897123296289!3d51.49730957428421!2m3!1f0!2f0!3f0!3m2!1i1024!2i768!4f13.1!3m3!1m2!1s0x0000000000000000%3A0x2288199754e8e553!2z0JzQtdCz0LAg0KbQtdC90YLRgA!5e0!3m2!1sru!2sua!4v1440854005391" width="600" height="450" frameborder="0" style="border:0" allowfullscreen></iframe>');

-- --------------------------------------------------------

--
-- Структура таблицы `blog`
--

CREATE TABLE IF NOT EXISTS `blog` (
  `id` int(11) NOT NULL,
  `name` varchar(100) NOT NULL,
  `blog_page` text NOT NULL,
  `article_description` varchar(3000) NOT NULL,
  `status` varchar(10) NOT NULL,
  `image_path` varchar(800) NOT NULL,
  `date` datetime NOT NULL
) ENGINE=MyISAM AUTO_INCREMENT=8 DEFAULT CHARSET=utf8;

--
-- Дамп данных таблицы `blog`
--

INSERT INTO `blog` (`id`, `name`, `blog_page`, `article_description`, `status`, `image_path`, `date`) VALUES
(1, 'Современная вытяжка', '<p>&nbsp;</p>\n\n<h1><span style="font-size:22px"><span style="font-family:lucida sans unicode,lucida grande,sans-serif">Современная Вытяжка</span></span></h1>\n\n<hr />\n<p>Кухня - одно из наиболее посещаемых помещений дома. Согласитесь, много приятных моментов - встреч с друзьями, семейных ужинов, девичьих посиделок - очень часто происходят именно здесь. Атмосфера в этом помещении (во всех смыслах этого слова!) должна быть чистой. Обеспечить это условие очень просто - нужен очиститель воздуха или, простыми словами, - кухонная вытяжка. Что же представляет собой этот несложный прибор? На что надо обратить внимание, выбирая его? Как подобрать кухонную вытяжку?</p>\n\n<p><img alt="" src="http://eleyus.com/im/news/8707672-1.JPG" style="border-style:solid; border-width:0px; float:left; height:233px; margin:20px; width:350px" /></p>\n\n<p><strong>Какие вытяжки существуют?</strong></p>\n\n<p>Есть приборы двух типов - те, которые выбрасывают &laquo;отработанный&raquo; воздух, и те, которые очищают его с помощью фильтров, не выводя его за пределы помещения - то есть, работают в режиме рециркуляции.</p>\n\n<p>Бесспорно, лучше выводить грязный воздух за пределы дома. И если существует возможность подключения устройства к дымоходу, через который и выводится&nbsp; воздух, следует выбрать проточный очиститель.</p>\n\n<p>В случае невозможности выводить воздух, его стоит хотя бы фильтровать. Для этого подойдёт вытяжка, которая работает в &laquo;автономном&raquo; режиме - то есть, в режиме рециркуляции.</p>\n\n<p>&nbsp;</p>\n\n<p>Следует заметить, что некоторые модели проточных очистителей воздуха могут работать в двух режимах - оттока и рециркуляции. Это наилучший вариант, потому что, в зависимости от необходимости, можно выбирать режим работы устройства. И зимой, когда не очень желательно &laquo;выбрасывать&raquo; теплый воздух наружу, можно использовать режим рециркуляции.</p>\n\n<p><strong>Фильтры</strong></p>\n\n<p>Обычно в вытяжке используются фильтры двух видов: жировой, задерживающий мельчайшие капельки жира и копоть, и угольный - он поглощает запахи. Угольный фильтр следует заменять примерно раз в полгода (в зависимости от интенсивности использования вытяжки).</p>\n\n<p><strong>Пропускная способность воздуха.</strong></p>\n\n<p>В зависимости от объёма помещения, следует выбирать более или менее мощную вытяжку. Поэтому прежде, чем сделать выбор, подсчитайте объём вашей кухни, умножьте его на 10-12 (именно столько раз должен меняться воздух в помещении каждый час) - и у вас будет нужная цифра. Пропускная способность прибора всегда указана в техническом паспорте.</p>\n\n<p><strong>Размеры и форма.</strong></p>\n\n<p>Здесь всё довольно просто. Если плита находится в углу, нужна угловая модель, вдоль стены - обычная. Если вы - счастливый обладатель островной (расположенной в центре помещения) кухни, то и вытяжка, конечно, должна быть расположена посередине. В этом случае нужна соответствующая, &laquo;островная&raquo; вытяжка. Ширину вытяжки следует подбирать к размеру кухонной плиты. Вытяжка не должна быть уже плиты.</p>\n\n<p><strong>Управление.</strong></p>\n\n<p>На панели управления вытяжкой всегда есть включатель электровентилятора, переключатель скоростей, включатель освещения. Есть модели, которыми можно управлять дистанционно - с помощью пульта.</p>\n\n<p><strong>Дизайн</strong>.</p>\n\n<p>Конечно, это дело вкуса. И выбор здесь широк. Кому-то нравятся незаметные встроенные вытяжки, кому-то - современные дизайнерские, сверкающие стеклом и металлом, другим - спокойный дизайн &laquo;а-ля Прованс&raquo; с немного наивными ретро-формами и изящной деревянной отделкой.</p>\n\n<p><strong>Цена</strong>.</p>\n\n<p>К счастью, все современные блага вполне доступны. Потому что все вышеперечисленные признаки и функции современных очистителей воздуха присущи приборам отечественного производства. Национальный производитель современного оборудования - ООО &laquo;САЮЗ&raquo; имеет в своем ассортименте продукцию на любой вкус и такую, что отвечает различным техническим требованиям. Встроенные, &laquo;декоративные&raquo; модели, вертикальные вытяжки с закалённым стеклом, более &laquo;умеренные&raquo; модели в рустикальном дизайне, украшенные деревом разных цветов. И всё это разнообразие дизайнов производится в угловом, обычном и островном исполнении и полном ассортименте по размерам. И стоит умеренно.</p>\n\n<p><strong>Производитель.</strong></p>\n\n<p>ООО &laquo;САЮЗ&raquo; - это профессиональный коллектив специалистов в сфере производства. Наша компания выпускает продукцию под двумя торговыми марками ЕLEYUS и JANTAR. Выполняя полный производственный цикл - от проекта до готового продукта, мы уверены в результатах нашей работы. Поэтому на все наши изделия мы предоставляем гарантию: на продукцию под ТМ ELEYUS - сроком 3 года, а на изделия под ТМ JANTAR - 2 года.<br />\nВсе изделия сертифицированы. А победа продукции ООО &laquo;САЮЗ&raquo; на Всеукраинском конкурсе качества товаров &laquo;100 лучших товаров Украины&raquo; (2008 г.) подтверждает высокое качество и надёжность нашей продукции.</p>\n\n<p style="text-align:center"><iframe align="middle" frameborder="0" height="315" longdesc="видео" name="видео" scrolling="no" src="https://www.youtube.com/embed/u1zwVkmRzEE" title="видео" width="560"></iframe></p>\n', 'Кухня - одно из наиболее посещаемых помещений дома. Согласитесь, много приятных моментов - встреч с друзьями, семейных ужинов, девичьих посиделок - очень часто происходят именно здесь. Атмосфера в этом помещении (во всех смыслах этого слова!) должна быть чистой. Обеспечить это условие очень просто - нужен очиститель воздуха или, простыми словами, - кухонная вытяжка. Что же представляет собой этот несложный прибор? На что надо обратить внимание, выбирая его? Как подобрать кухонную вытяжку?', 'enable', '../../../upload/blog/8.jpg', '2015-08-24 18:30:24'),
(2, 'Как выбрать вытяжку???', '<p><img alt="" src="http://eleyus.com/im/news/7660078-1.JPG" style="float:left; height:500px; margin:25px; width:750px" /></p>\n\n<h1>Как выбрать вытяжку</h1>\n\n<hr />\n<p><br />\nНасколько бы чистой и совершенной ни была кухня, от ароматов, которые появляются во время приготовления пищи, избавиться очень сложно. И если на кухне они ещё уместны, то проникновение их в комнаты недопустимо. Чтобы воздух был чистым, не достаточно просто открыть окна. Для качественного удаления запахов нужен надёжный помощник - современный воздухоочиститель, или проще - кухонная вытяжка.</p>\n\n<p>К счастью, сегодня покупателям не нужно выбирать между отличным дизайном и высокой производительностью. Ассортимент вытяжек настолько велик, что удовлетворит потребности любого клиента. Как же сделать выбор? Как среди многообразия возможных вариантов выбрать оптимальный?<br />\nМы не будем останавливаться на дизайне - он зависит от вида мебели и стиля оформления интерьера. Но не менее важна техническая сторона процесса. Ведь ошибку допустить легко, а в процессе эксплуатации недостатки станут заметными сразу. Поэтому, крупинка знаний ради верного выбора.</p>\n\n<p><strong>50 ... 60 ... 90 ...</strong></p>\n\n<p>Первая и, как это ни странно, самая главная характеристика вытяжки - это её размер. А точнее - ширина. Все просто: вытяжка не должна быть уже, чем плита. И обязательно обратите на это внимание - поверхность приготовления выбирайте &laquo;в комплекте&raquo; с вытяжкой.</p>\n\n<h3><strong>Производительность</strong></h3>\n\n<p>Её оценивают по пропускной способности воздуха, который может удалить или отфильтровать вытяжка. В зависимости от объёма помещения, следует выбирать более или менее мощную вытяжку. Поэтому прежде, чем сделать выбор, подсчитайте объем вашей кухни. Сделать это совсем несложно. Вспомним начальный курс математики: чтобы вычислить объем помещения, нужно его площадь умножить на высоту. Например, кухня площадью 10 м &sup2; с высотой стен 2,7 м будет иметь объем 27 м &sup3;.<br />\nПо санитарным нормам воздух в помещении должен меняться 10-12 раз в течение часа. То есть, полученный объем помещения нужно умножить на 10 (12). Что имеем?<br />\n27 м &sup3; х 10 (12) раз / час = 270 (324) м &sup3; /час. Мощность вытяжки для этого помещения должна составлять не менее 270 м &sup3; / час.<br />\nЕсли не хотите считать, заметьте, что для средней кухни (9-12 м &sup2;) при высоте потолка 2,5 м минимальная производительность вытяжки должна составлять от 200 м &sup3; / час.<br />\nПропускная способность всегда указана в техническом паспорте прибора.</p>\n\n<h3><strong>Нагрузка на прибор</strong></h3>\n\n<h3>На эффективность вывода воздуха также влияют:</h3>\n\n<p>&bull;&nbsp;&nbsp; &nbsp;этаж, на котором расположена квартира;<br />\n&bull;&nbsp;&nbsp; &nbsp;состояние вентиляционной системы (её загрязнённость);<br />\n&bull;&nbsp;&nbsp; &nbsp;колебание температур;<br />\n&bull;&nbsp;&nbsp; &nbsp;интенсивность приготовления блюд;<br />\n&bull;&nbsp;&nbsp; &nbsp;количество курящих на кухне.</p>\n\n<p>Поэтому, учитывая возможность появления этих &laquo;отягощающих&raquo; факторов, необходимую производительность вытяжки увеличивают ещё на половину (на всякий случай!). Таким образом, для кухни площадью 9-12 м &sup2; рекомендована производительность воздухоочистителя - не менее 300-600 м &sup3; / час.</p>\n\n<p><strong>Следует помнить!</strong><strong><em>&nbsp;Для эффективной работы вытяжки необходимо включать вытяжку одновременно с плитой, а выключать - не ранее, чем через 5-15 мин. после прекращения работы плиты (в зависимости от приготовленных блюд и производительности самого устройства).</em></strong></p>\n\n<h3><strong>Удалять или фильтровать?</strong></h3>\n\n<h3>Практически каждая современная модель вытяжки может работать в двух режимах - отвода воздуха и рециркуляции.<br />\nВ режиме отвода вытяжка всасывает воздух из кухни и выбрасывает его наружу через вентиляционную систему здания или через отверстие в наружной стене. Такая вытяжка может работать вообще без фильтров. Но обычно в вытяжках установлены ещё и фильтры грубой очистки (жироулавливатели). Это делается для защиты внутренних деталей прибора от копоти и жира.</h3>\n\n<p><strong>Следует помнить!</strong>&nbsp;<strong><em>Если вытяжка работает в режиме отвода воздуха, не надо закрывать дверь на кухню. Также желательно открыть окно в соседней с кухней комнате, поскольку необходимо создать условия для притока воздуха на кухню из квартиры, а не наоборот.</em></strong></p>\n\n<p>&nbsp; В режиме рециркуляции воздух втягивается вытяжкой, проходит через фильтры, очищается и снова попадает в кухню. В этом случае кроме фильтров грубой очистки, вытяжка дополнительно оборудована фильтрами (обычно угольными), которые удаляют из воздуха мелкие частицы копоти, сажи, жира и нейтрализуют запахи.<br />\nВытяжка, которая работает в режиме рециркуляции, незаменима там, где нет возможности обеспечить отток воздуха наружу. Производительность вытяжки в этом случае немного ниже (за счёт сопротивления, создаваемого дополнительным фильтром).</p>\n\n<h3><strong>Шум</strong></h3>\n\n<p>Законы природы неизменны. Где есть движение воздуха, там появляется шум. И чем сильнее движение, тем больше шум. Заметьте: полностью освободиться от шума вытяжки вам не удастся, и чем выше производительность вытяжки, тем громче она будет работать.<br />\nНесмотря на это, производители кухонных вытяжек научились укрощать шум. Дело в том, что основным источником шума является большое количество завихрений воздуха в двигателе. А значит, если изменить форму лопастей вентилятора или устроить звукоизоляцию блока двигателя, уровень шума можно значительно уменьшить.</p>\n\n<p><strong>Следует помнить!</strong>&nbsp;<strong><em>Уровень шума - наиболее важный эксплуатационный показатель. Он зависит от многих параметров - в том числе и от размеров кухни, длины и диаметра воздуховода. К сожалению, установить реальный уровень шума при работе вытяжки в условиях конкретной кухни невозможно. Поэтому нужно выбирать вытяжку, исходя не из уровня шума при различной мощности, а вытяжку, которая способна эффективно удалять запахи из кухни при максимальной мощности.</em></strong></p>\n\n<p>В инструкции к вытяжке, как правило, указан уровень шума для каждого режима работы. Обратите внимание как на максимальный, так и на минимальный уровень шума. Как показывает практика, именно этот режим вы будете использовать, когда уровень шума является важным (например, если вы будете готовить пищу во время дневного сна ребёнка).</p>\n\n<p>В вытяжках, работающих тихо, вентилятор (турбина) смонтирована специальным образом. Она прикреплена к корпусу вытяжки с применением антивибрационной прокладки. Таким образом уменьшается уровень шума во время работы вытяжки.</p>\n\n<p>Во всех вертикальных вытяжках втягивание воздуха происходит по периметру (так называемое периметральное втягивание). Рабочая поверхность вытяжки расположена вертикально, воздух втягивается по периметру, как следствие - увеличивается скорость втягивания воздуха при прохождении через узкое пространство. А это обеспечивает максимальную производительность и минимальный уровень шума.</p>\n\n<p>Мы рассказали о главных факторах, которые могут влиять как на ваш выбор, так и на эффективность работы воздухоочистителя. В завершение заметим: существует ещё много &laquo;деталей&raquo;. В основном, это условия вашего помещения. Поэтому не стесняйтесь задавать вопросы и внимательно читайте инструкции. И делайте это до момента покупки. Знание - это гарантия удачного выбора!</p>\n<p><iframe width="800" height="500" src="http://player.vimeo.com/video/82718433" frameborder="0" allowfullscreen=""></iframe></p>\n', 'Насколько бы чистой и совершенной ни была кухня, от ароматов, которые появляются во время приготовления пищи, избавиться очень сложно. И если на кухне они ещё уместны, то проникновение их в комнаты недопустимо. Чтобы воздух был чистым, не достаточно просто открыть окна. Для качественного удаления запахов нужен надёжный помощник - современный воздухоочиститель, или проще - кухонная вытяжка...', 'enable', '../../../upload/blog/Как выбрать вытяжку7660078-1.JPG', '2015-07-06 15:00:06'),
(5, 'КАК ВЫБРАТЬ НАДЕЖНУЮ КУХОННУЮ ВЫТЯЖКУ', '<h1><img alt="" src="http://kitchenguide.su/wp-content/uploads/2012/05/147092-512x341.jpg" style="border-style:solid; border-width:0px; float:left; height:341px; margin:10px 50px; width:512px" />КАК ВЫБРАТЬ НАДЕЖНУЮ КУХОННУЮ ВЫТЯЖКУ: СОВЕТЫ ПРОФИ</h1>\n\n<hr />\n<h2>&nbsp;</h2>\n\n<h3>&nbsp; &nbsp; Как только не называют этот бытовой прибор: и кухонной вытяжкой, и воздухоочистителем для кухни, и надплитным фильтром. Сегодня вопрос о том, как выбрать кухонную вытяжку, интересует всех, кто затеял ремонт в доме. С особой тщательностью к выбору этой техники относятся хозяйки, которые уже успели убедиться, как, на самом деле, плохо без вытяжки. Увидели, как ужасно выглядит не так давно побеленный потолок, какой неаккуратный вид у стены и навесных шкафов возле плиты.</h3>\n\n<p>&nbsp;</p>\n\n<p>&nbsp;</p>\n\n<h2><strong>ЗАЧЕМ ОЧИЩАТЬ ВОЗДУХ НА КУХНЕ ?</strong></h2>\n\n<hr />\n<p>&nbsp; &nbsp; Кухня &ndash; это рабочее место хозяйки дома. Она проводит тут примерно 60% домашнего времени, поэтому от состояния воздуха в этом помещении напрямую зависит её здоровье. Воздух в кухне во время приготовления пищи загрязняется продуктами сгорания, мельчайшими частичками пищи, которые выделяются при нагревании. Если помещение недостаточно хорошо вентилируется, запахи создают дискомфорт. Они отрицательно влияют на настроение людей, могут отбить аппетит даже у самого голодного. Проветривание &ndash; один из способов борьбы с загрязненным воздухом. Но лучше всего улавливать загазованный воздух прямо над плитой и освобождать от него помещение. С этой задачей способны справиться кухонные вытяжки.</p>\n\n<h2>&nbsp; &nbsp; &nbsp; &nbsp; &nbsp; &nbsp; &nbsp; &nbsp; &nbsp; &nbsp; &nbsp; &nbsp; &nbsp; &nbsp; &nbsp; &nbsp; &nbsp; &nbsp; &nbsp; &nbsp; &nbsp; &nbsp; &nbsp; &nbsp; &nbsp; &nbsp; &nbsp; &nbsp; &nbsp; &nbsp; &nbsp; &nbsp; &nbsp; &nbsp; &nbsp; &nbsp; &nbsp; &nbsp; &nbsp; &nbsp; &nbsp; &nbsp; &nbsp; &nbsp; &nbsp; &nbsp; &nbsp; &nbsp; &nbsp; &nbsp; &nbsp; &nbsp; &nbsp; &nbsp; &nbsp; &nbsp; &nbsp; &nbsp; &nbsp; &nbsp; &nbsp; &nbsp; &nbsp; &nbsp; &nbsp; &nbsp; &nbsp; &nbsp; &nbsp; &nbsp; &nbsp; &nbsp; &nbsp; &nbsp; &nbsp; &nbsp; &nbsp; &nbsp; &nbsp; &nbsp; &nbsp; &nbsp;<strong>КАКУЮ МОДЕЛЬ КУПИТЬ ДЛЯ КУХНИ ?</strong></h2>\n\n<hr />\n<p><img alt="какую вытяжку купить для кухни" src="http://kitchenguide.su/wp-content/uploads/2012/05/56-300x252.gif" style="float:left; height:336px; margin:25px 50px; width:400px" />&nbsp; &nbsp; Большое значение при покупке кухонного очистителя воздуха имеет производительность агрегата. Этот параметр определяется тем количеством воздуха, которое вытяжка пропускает через себя за единицу времени. От этого зависит эффективность работы прибора. Согласно санитарным нормам, весь объём воздуха должен смениться за час. Вы можете рассчитать необходимую для вашей кухни производительность вытяжки по формуле: площадь кухни нужно умножить на высоту потолка, полученный результат умножить на 12 (норма воздухообмена, принятая СЭС), полученный результат умножить на коэффициент потенциального запаса (равен 1,3). Так, для кухни, высота потолка в которой 2,5 метра и площадь 6 метров, нужно выбирать вытяжку, производительность которой не меньше 234 куб.м/ч.</p>\n\n<h2><strong>КАК ПРАВИЛЬНО ВЫБРАТЬ КУХОННУЮ ВЫТЯЖКУ ?</strong></h2>\n\n<hr />\n<p>&nbsp; &nbsp; При выборе кухонной вытяжки следует обратить внимание на такие параметры: тип прибора, его размер, пропускная способность (производительность), способы управления прибором, режимы его работы, наличие либо отсутствие фильтров.</p>\n\n<p>РАЗМЕР</p>\n\n<p>&nbsp; &nbsp; Ширина вытяжки не может быть меньше варочной поверхности плиты. Если размер меньше, вытяжка хуже улавливает загрязненный воздух. Лучше даже, чтобы ширина вытяжки превышала ширину варочной поверхности. Так, если ширина вашей плиты 50-60 см, лучше, чтобы размер вытяжки был около 90 см, если, конечно, вам позволяет конструкция мебели.</p>\n\n<p>РЕЖИМ РАБОТЫ</p>\n\n<p>&nbsp; &nbsp; Поинтересуйтесь &nbsp;у продавцов-консультантов, в каком режиме может работать выбранная вами вытяжка. Это может быть вытяжной режим, при котором загрязненный воздух удаляется за пределы квартиры, или режим фильтрации, когда воздух очищается и попадает обратно в помещение, а также работа вытяжки и в том, и в другом режиме. Считается, что 100% очистку воздуха в помещении обеспечивает вытяжной режим. Но если вы решили купить вытяжку-фильр, лучше сразу приобрести картриджи и менять их по мере необходимости.</p>\n\n<p>ФИЛЬТРЫ<img alt="как выбрать кухонную вытяжку" src="http://kitchenguide.su/wp-content/uploads/2012/05/000001.jpg" style="float:right; height:109px; margin:0px 25px; width:120px" /></p>\n\n<p>&nbsp; &nbsp; Фильтры могут быть грубой и тонкой очистки. Фильтры грубой очистки задерживают частички жира. Это металлические многоразовые сетки, которые моются&nbsp; по мере загрязнения. Дополнительный фильтр &ndash; это одноразовая сетка из синтетического материала. Её нужно менять по мере загрязнения, поскольку сетка, которая выработала свой ресурс, негативно влияет на режим работы вытяжки. Фильтры тонкой очистки &ndash; это угольные фильтры. Их покупают отдельно. Частота их замены зависит от того, как часто вытяжка работает в режиме циркуляции воздуха.</p>\n\n<p>&nbsp;</p>\n\n<p>СПОСОБ УПРАВЛЕНИЯ<img alt="как выбрать кухонную вытяжку" src="http://kitchenguide.su/wp-content/uploads/2012/05/00002.jpg" style="float:left; height:71px; margin:25px; width:120px" /></p>\n\n<p>&nbsp; &nbsp; Какой способ управления вытяжкой лучше выбрать? Это зависит только от ваших личных предпочтений. Вытяжки с сенсорным управлением активизируются путем нажатия невыпуклой кнопки. Кнопочное управление подразумевает нажатие выпуклых кнопок. Управление может быть и слайдерным &ndash; осуществляется с помощью механического горизонтального переключателя.</p>\n\n<p>&nbsp;</p>\n\n<p>&nbsp;</p>\n\n<p>ДОПОЛНИТЕЛЬНЫЕ ФУНКЦИИ</p>\n\n<p>&nbsp; &nbsp; &nbsp;Принимая решение, какую вытяжку купить для кухни, следует обратить внимание и на дополнительные функции: остаточный ход вентилятора, интервальное включение вытяжки. Остаточный ход вентилятора обеспечивает работу вытяжки в течение нескольких минут после её отключения (от 5 до 15 минут), что позволяет полностью очистить воздух после завершения приготовления пищи. Интервальное включение вытяжки обеспечивает включение прибора на непродолжительное время (например, один раз в час-два на 5-10 минут) на минимальную мощность. Делается это для того, чтобы прилив свежего воздуха в помещение не прекращался.</p>\n\n<p>&nbsp; &nbsp; В некоторые вытяжки встраивается электронный таймер. Его следует включать по окончанию приготовления пищи, чтобы прибор сам отключился через определенное время.</p>\n\n<p>&nbsp; &nbsp; Почти все вытяжки оборудованы осветительными приборами. Могут использоваться лампы накаливания, галогеновые светильники или лампы дневного света. Конечно, вытяжки с лампами накаливания стоят дешевле, но приборы с галогеновыми светильниками потребляют меньше электроэнергии. Заменить перегоревшие лампочки в вытяжке не составит труда.</p>\n\n<h2><strong>ОТ ЧЕГО ЗАВИСИТ ЭФФЕКТИВНОСТЬ РАБОТЫ ВЫТЯЖКИ ?</strong></h2>\n\n<hr />\n<h3 style="color:#aaa; font-style:italic"><strong>Эффективность работы прибора зависит от многих факторов:</strong></h3>\n\n<ul>\n	<li>&nbsp; &nbsp; От давления воздуха, который создает мотор. Если показатели давления воздуха высокие, значит и производительность будет высокой.</li>\n	<li>&nbsp; &nbsp; От режима работы вытяжки. Если она выведена в вентиляционную шахту, работа будет более эффективной, чем в режиме рециркуляции воздуха.</li>\n	<li>&nbsp; &nbsp; Немаловажную роль играет и сечение жироулавливающих фильтров и плотности угольных фильтров (если они имеются). Чем плотнее фильтр, тем эффективнее удаляются запахи. Но помните, что ни один угольный фильтр не очищает воздух на 100%.</li>\n	<li>&nbsp; &nbsp; От запаса производительности. Наиболее эффективный режим позволяет очистить воздух в экстремальных условиях, например, при подгорании пищи. Выбирая вытяжку, обязательно обратите внимание на этот параметр.</li>\n	<li>&nbsp; &nbsp; От размеров вытяжки. Чем больше вытяжка, тем с большей площади происходит захват воздуха. А это значит, что не будет больших его завихрений, и боковины кухонного навесного шкафа не будут ссыхаться из-за горячего воздуха, который поднимается от варочной поверхности.</li>\n</ul>\n\n<h2><strong>ТИПЫ КУХОННЫХ ВЫТЯЖЕК ?</strong></h2>\n\n<hr />\n<ul>\n	<li>\n	<h3 style="color:#aaa; font-style:italic"><strong>Традиционная или классическая вытяжка<img alt="как выбрать кухонную вытяжку" src="http://kitchenguide.su/wp-content/uploads/2012/05/420.jpg" style="border-style:solid; border-width:0px; float:left; height:83px; margin:25px 50px; width:300px" /></strong></h3>\n	</li>\n</ul>\n\n<p>&nbsp; &nbsp; Это подвесная вытяжка, которая монтируется на стену под подвесным кухонным шкафом над плитой. Многие производители предлагают кухонные вытяжки с жироулавливающими фильтрами из акрила (одноразовые фильтры). Такие приборы работают в основном в режиме рециркуляции воздуха. Требуются одноразовые угольные фильтры, которые задерживают мелкие частицы. Запах нейтрализуется лишь частично. Такие вытяжки считаются самыми дешёвыми.</p>\n\n<p>&nbsp; &nbsp; Вытяжки, в которых помимо угольных фильтров, есть возможность подсоединения гофрированного шланга, стоят дороже, зато они очищают воздух намного лучше, да и на угольные фильтры тратиться придется не так часто.</p>\n\n<ul>\n	<li>\n	<h3 style="color:#aaa; font-style:italic"><strong>Встраиваемые вытяжки</strong></h3>\n	</li>\n</ul>\n\n<p><img alt="как выбрать кухонную вытяжку" src="http://kitchenguide.su/wp-content/uploads/2012/05/421ix.jpg" style="float:right; height:87px; margin:25px 50px; width:300px" /></p>\n\n<p>&nbsp; &nbsp; Монтируют их в подвесной шкафчик над кухонной плитой. Обычно встраиваемые вытяжки оснащены выдвижной панелью, которая увеличивает рабочую площадь &ndash; площадь забора воздуха вытяжкой. Это облегчает управление прибором и увеличивает его производительность. Включается такая вытяжка в том же режиме, в котором её выключили. Встраиваемые вытяжки комплектуются обычно двумя моторами и многослойными жироулавливающими фильтрами. Встраиваемые вытяжки не намного дороже подвесных, поэтому если думаете, какую вытяжку купить для кухни &ndash; традиционную или встраиваемую &ndash; лучше отдать предпочтение последней.</p>\n\n<ul>\n	<li>\n	<h3 style="color:#aaa; font-style:italic"><strong>Каминные (купольные) вытяжки</strong><img alt="как выбрать вытяжку для кухни" src="http://kitchenguide.su/wp-content/uploads/2012/05/422JPG.jpg" style="float:left; height:215px; margin:50px 100px; width:300px" /></h3>\n	</li>\n</ul>\n\n<p>&nbsp; &nbsp; Их монтируют не стену к потолку над плитой или варочной поверхностью. Каминными их называют за купольную форму, которая напоминает дымоход камина. Такие вытяжки бывают трех типов: металлические со стеклом, цельнометаллические, классические вытяжки под дерево либо отделанные натуральным деревом. Дизайн купольных вытяжек разноплановый, форма может быть очень креативной, например, вытяжки хай-тек</p>\n\n<h2>&nbsp;</h2>\n\n<h2>&nbsp;</h2>\n\n<h2>&nbsp;</h2>\n\n<h2>&nbsp;</h2>\n\n<h2>&nbsp;</h2>\n\n<h2><strong>ФУНКЦИОНАЛЬНЫЕ ОСОБЕННОСТИ ПРИБОРА</strong>&nbsp;<strong>?</strong></h2>\n\n<hr />\n<p><img alt="как выбрать вытяжку для кухни" src="http://kitchenguide.su/wp-content/uploads/2012/05/kitchen_vent-225x300.jpg" style="float:right; height:350px; margin:25px 50px; width:263px" /></p>\n\n<p>&nbsp; &nbsp; Современные вытяжки способны удалить до 96% запахов и загрязнений воздуха, которые остаются после приготовления пищи. Особенно необходимы вытяжки для кухонь-столовых и кухонь, которые объединены с жилой комнатой. В таких случаях важно, чтобы вытяжка не только имела высокую производительность, но и достаточно тихо работала.</p>\n\n<p>&nbsp; &nbsp; Работу прибора можно оценить как &laquo;очень тихую&raquo;, если шум, который создается мотором и потоком воздуха, сопоставим с шёпотом (до 35 децибел). Если шум можно сравнить с разговором на расстоянии 10 м (до 45 децибел), работу вытяжки можно назвать тихой. Если ваша кухня изолирована (не совмещена с комнатой или столовой), вам может не причинить неудобств вытяжка, уровень шума которой около 50 децибел (можно сравнить с негромким разговором на расстоянии 3 м). Такой уровень шума оценивается как &laquo;нормальный&raquo;. Не рекомендуется приобретать вытяжки, уровень шума которых превышает 50 децибел. Например, на шум 70 децибел вообще невозможно не обращать внимания: он сравним с громким разговором на расстоянии около 5 м.</p>\n\n<p>&nbsp; &nbsp; Выбирая вытяжку, оцените также и материал корпуса. Это может быть пластик, эмалированная сталь, нержавеющая сталь, закаленное стекло, алюминий. В соотношении цена/качество наиболее привлекателен обработанный алюминий. Матовая поверхность этого материала хорошо сочетается со многими видами кухонного оборудования. На алюминиевом корпусе вытяжки не видны отпечатки пальцев, он не подвержен коррозии и очень легко моется. Корпус из нержавеющей стали в сочетании с закаленным стеклом смотрится весьма стильно. Есть и очень дорогие модели, которые изготавливают по индивидуальному заказу с учетом пожеланий клиента.</p>\n', 'Как только не называют этот бытовой прибор: и кухонной вытяжкой, и воздухоочистителем для кухни, и надплитным фильтром. Сегодня вопрос о том, как выбрать кухонную вытяжку, интересует всех, кто затеял ремонт в доме. С особой тщательностью к выбору этой техники относятся хозяйки, которые уже успели убедиться, как, на самом деле, плохо без вытяжки. Увидели, как ужасно выглядит не так давно побеленный потолок, какой неаккуратный вид у стены и навесных шкафов возле плиты...', 'enable', '../../../upload/blog/home-kitchen-design-display-view-2.jpg', '2015-07-06 19:49:26');

-- --------------------------------------------------------

--
-- Структура таблицы `categories`
--

CREATE TABLE IF NOT EXISTS `categories` (
  `id` int(11) NOT NULL,
  `name` varchar(250) CHARACTER SET utf8 NOT NULL,
  `status` varchar(10) CHARACTER SET utf8 NOT NULL,
  `link` varchar(50) CHARACTER SET utf8 NOT NULL,
  `fp_id` int(11) NOT NULL,
  `description` text CHARACTER SET utf8 NOT NULL,
  `image_path` varchar(300) CHARACTER SET utf8 NOT NULL
) ENGINE=MyISAM AUTO_INCREMENT=10 DEFAULT CHARSET=utf8 COLLATE=utf8_bin;

--
-- Дамп данных таблицы `categories`
--

INSERT INTO `categories` (`id`, `name`, `status`, `link`, `fp_id`, `description`, `image_path`) VALUES
(5, 'Перфораторы', 'enable', 'hand_driller', 1, '<h1>Перфоратор. Подробное описание инструмента.</h1>\n\n<hr />\n<p>&nbsp;&nbsp;<a href="http://www.vseinstrumenti.ru/perforatori-r32.html" title="перфораторы - полный ассортимент">Перфоратор</a>&nbsp;представляет собой сверлильный инструмент, предназначенный для ударного сверления отверстий и в случаях, когда необходимо применить долбление. В самых общих чертах перфораторы&nbsp; имеют немало сходств с дрелями,&nbsp; но в отличие от последних они оснащаются специализированными патронами системы SDS, которые бывают двух подвидов: SDS+ и SDS-max.<br />\n&nbsp; С перфораторами весом до 5 кг используют SDS+, а если их вес превышает 5 кг, то SDS-max.<br />\n<br />\n<strong>Классификация перфораторов</strong><br />\n<br />\nПерфораторы можно классифицировать по количеству используемых режимов. В данном случае выделяют одно, двух и трехрежимные перфораторы.<br />\nОднорежимные перфораторы служат только для сверления, в двухрежимных помимо сверления предусмотрено еще и сверление с ударом, а в трехрежимных кроме двух перечисленных режимов еще и режим одного удара или долбления при котором вращение насадки отсутсвует.<br />\nПерфораторы с насадками&nbsp; SDS+ чаще всего трехрежимные, а с насадками SDS-max режима сверления не имеют.<br />\n<br />\n&nbsp; По типу привода различают перфораторы электрические, аккумуляторные, пневматические, бензиновые.<br />\n&nbsp; Наиболее распространенными являются электрические перфораторы, аккумуляторные особенно удобно использовать при ремонте фасадов зданий и тому подобных работ. Если работа ведется в опасных условиях, в частности во взрывоопасной обстановке, при возможности поражения электрическим током, рекомендуется использовать пневматические перфораторы. Для дорожных и других работ подобного рода используются бензиновые перфораторы. Однако в последнее время данный класс все больше вытесняется классом аккумуляторных перфораторов.<br />\n<br />\nПо массе перфораторы разделяют на три класса.<br />\n1. Легкие, включающий перфораторы весом до 3 кг. Эти перфораторы применяют в случае, если требуется получить небольшое отверстие в бетоне или подобных ему материалах для установки дюбеля или небольшого анкера.<br />\n2. Средние &ndash; перфораторы массой до 5 кг. Перфораторы этого класса в ряде случаев применяют для долбления армированных конструкций, применяют их и при работе с различными породами камня высокой твердости.<br />\n3. Тяжелые &ndash; перфораторы весом свыше 5 кг. Данные перфораторы используют в качестве мини-отбойного молотка и применяют для бурения отверстий в бетоне толщиной 40 &ndash; 50 мм, а также долбления крепких пород камня.<br />\n<br />\n&nbsp; Также перфораторы можно классифицировать по области применения. По этой классификации перфораторы можно разделить на профессиональные и бытовые. Большинство перфораторов относят к профессиональным. Среди немногочисленных представителей класса бытовых можно выделить перфораторы фирмы Black &amp; Decker. Эти перфораторы можно применять и для&nbsp; профессиональных целей, если нагрузка умеренная.<br />\n<br />\n<strong>Применение перфораторов</strong><br />\n<br />\n&nbsp;&nbsp;<a href="http://bosch.vseinstrumenti.ru/perforatori.html" title="перфораторы Bosch">Перфоратор Bosch</a>&nbsp;целесообразно применять в тех случаях, когда необходимо обеспечить ударное воздействие на материал при сверлении и бурении в бетоне, камне и других подобных материалах. Важно учитывать, что получение даже одного отверстия небольшого диаметра под дюбель с помощью ударной дрели потребует значительных энергетических затрат от пользователя, а также приличн озатраченного времени, тогда как перфоратор справится с такой задачей в считанные секунды и износ рабочей поверхности насадки при этом будет незначительным. Причина заключается в том, что дрель даже ударная режет материал, тогда как перфоратор его скалывает.<br />\n<br />\n&nbsp; А вот что касается работы с кирпичем, то применение перфораторов не всегда является экономически оправданным, а иногда и технологически просто недопустимым. Это каксается сверления в пустотелом кирпиче отверстий под дюбель или анкер.<br />\n<br />\n&nbsp; Практически любой перфоратор в силу его универсальности можно использовать и вкачестве шуруповерта. Это правило не применимо к перфораторам тяжелого класса в силу их значительной массы.<br />\n<br />\n&nbsp; Если к перфоратору приобрести переходник (адаптер), который позволяет закрепить патрон перфоратора в кулачковый патрон, то его можно использовать в качестве дрели. В этом случае в распоряжении пользователя находится универсальный инструмент для работ различного характера выполняемых как дрелью, так и перфоратором.<br />\n<br />\n<strong>Правила эксплуатации перфораторов</strong><br />\n<br />\n&nbsp; Одна из неприятностей для окружающих при эксплуатации перфоратора &ndash; повышенный уровень шума. В связи с этим не рекомендуется использовать бытовой перфоратор в поздние часы времени и нерабочие дни. Стоит также подумать о приобретении перфоратора с пониженным уровнем шума.<br />\n<br />\n&nbsp; Следующая проблема &ndash; это пыль и шлам, появление которых неизбежно при выполнении работ с помощью перфоратора. Для решения этой проблемы существуют перфораторы с системой вакуумного пылеудаления. Для того, чтобы сам перфоратор не вышел из строя раньше указанного срока от бетонного шлама, его необходимо регулярно смазывать. Если смазка не входит в комплект, ее лучше сразу приобрести отдельно. Для борьбы с пылью на рабочих поверхностях насадки перфоратора можно использовать обычный бытовой пылесос.<br />\n<br />\n&nbsp; В случае поломок и неисправностей ремонтировать&nbsp;<a href="http://hitachi.vseinstrumenti.ru/perforatori.html" title="перфораторы Hitachi">перфоратор Hitachi</a>, Bosch, Makita можно только в специализированных сервисных центрах. При длительной эксплуатации перфоратора есть целесообразность провести его диагностику в сервисном центре во избежание впоследствии выхода из строя какого &ndash; либо элемента.<br />\n<br />\n<strong>Производители перфораторов</strong><br />\n<br />\n&nbsp; На рынке представлен широкий спектр компаний, занимащихся выпуском и поставкой перфораторов. Среди них можно выделить фирмы Skil, ProTool, Bosch.<br />\n&nbsp;<br />\n&nbsp; Компания Skil известна на рынке более 70 лет. На сегодняшний день она представляет весьма популярную марку электроинструмента, который характеризуется хорошим компромиссом между ценой и качеством.<br />\n<br />\n&nbsp; С дрелями чешской марки ProTool отечественные потребители знакомы давно. Продукция этой компании отличается высоким качеством при достаточно невысокой цене. Перфораторы ProTool имеют пневматический ударный механизм, предохранительную фрикционную муфту, дополнительную рукоятку, упоры для ограничения глубины сверления.<br />\n<br />\n&nbsp; Фирма Bosch представляет на мировом рынке большой ассортимент строительного инструмента, в том числе и перфораторов. Перфораторы Bosch характеризует высокое качество, разумная цена, предусмотренные возможности сервисного обслуживания. Bosch постоянно представляет на рынке новые линейки моделей, что позволяет ей быть лидером по массовости потребления продукции.<br />\n&nbsp; Также получили распространение на мировом рынке перфораторы, выпускаемые фирмами DeWalt, Hilti, Atlas Copco, Makita,&nbsp; Metabo,&nbsp; Hitachi, Bort.</p>\n', '../../../upload/cat_image/otopleniehand_driller_256.png'),
(6, 'Отопление', 'enable', 'dfgdfgdfgd', 2, '<h1>ОТОПЛЕНИЕ</h1>\n\n<hr />\n<p><strong>Система отопления</strong>&nbsp;&mdash; это совокупность технических элементов, предназначенных для получения, переноса и передачи во все обогреваемые помещения количества&nbsp;<a href="https://ru.wikipedia.org/wiki/%D0%A2%D0%B5%D0%BF%D0%BB%D0%BE%D1%82%D0%B0" title="Теплота">теплоты</a>, необходимого для поддержания&nbsp;<a href="https://ru.wikipedia.org/wiki/%D0%A2%D0%B5%D0%BC%D0%BF%D0%B5%D1%80%D0%B0%D1%82%D1%83%D1%80%D0%B0" title="Температура">температуры</a>&nbsp;на заданном уровне.&nbsp;</p>\n\n<p>Основные&nbsp;<strong>конструктивные элементы системы отопления:</strong></p>\n\n<ul>\n	<li><img alt="" src="http://otoplenie-gid.ru/wp-content/uploads/panelnye-radiatory-raznoy-velichiny-i-moschnosti.jpg" />теплоисточник (теплогенератор при местном или&nbsp;<a href="https://ru.wikipedia.org/wiki/%D0%A2%D0%B5%D0%BF%D0%BB%D0%BE%D0%BE%D0%B1%D0%BC%D0%B5%D0%BD%D0%BD%D0%B8%D0%BA" title="Теплообменник">теплообменник</a>&nbsp;при централизованном теплоснабжении)&nbsp;&mdash; элемент для получения&nbsp;<a href="https://ru.wikipedia.org/wiki/%D0%A2%D0%B5%D0%BF%D0%BB%D0%BE%D1%82%D0%B0" title="Теплота">теплот</a><a href="https://ru.wikipedia.org/wiki/%D0%A2%D0%B5%D0%BF%D0%BB%D0%BE%D1%82%D0%B0" title="Теплота">ы</a>;</li>\n	<li>теплопроводы&nbsp;&mdash; элемент для переноса&nbsp;<a href="https://ru.wikipedia.org/wiki/%D0%A2%D0%B5%D0%BF%D0%BB%D0%BE%D1%82%D0%B0" title="Теплота">теплоты</a>&nbsp;от теплоисточника к отопительным приборам;</li>\n	<li><a href="https://ru.wikipedia.org/wiki/%D0%9E%D1%82%D0%BE%D0%BF%D0%B8%D1%82%D0%B5%D0%BB%D1%8C%D0%BD%D1%8B%D0%B9_%D0%BF%D1%80%D0%B8%D0%B1%D0%BE%D1%80" title="Отопительный прибор">отопительные приборы</a>&nbsp;&mdash; элемент для передачи&nbsp;<a href="https://ru.wikipedia.org/wiki/%D0%A2%D0%B5%D0%BF%D0%BB%D0%BE%D1%82%D0%B0" title="Теплота">теплоты</a>&nbsp;в помещение.</li>\n</ul>\n\n<p>Перенос по теплопроводам может осуществляться с помощью&nbsp;<a href="https://ru.wikipedia.org/wiki/%D0%96%D0%B8%D0%B4%D0%BA%D0%BE%D1%81%D1%82%D1%8C" title="Жидкость">жидкой</a>&nbsp;или&nbsp;<a href="https://ru.wikipedia.org/wiki/%D0%93%D0%B0%D0%B7" title="Газ">газообразной</a>&nbsp;рабочей среды. Жидкая (<a href="https://ru.wikipedia.org/wiki/%D0%92%D0%BE%D0%B4%D0%B0" title="Вода">вода</a>&nbsp;или специальная незамерзающая жидкость&nbsp;&mdash;&nbsp;<a href="https://ru.wikipedia.org/wiki/%D0%90%D0%BD%D1%82%D0%B8%D1%84%D1%80%D0%B8%D0%B7" title="Антифриз">антифриз</a>) или газообразная (<a href="https://ru.wikipedia.org/wiki/%D0%9F%D0%B0%D1%80" title="Пар">пар</a>,&nbsp;<a href="https://ru.wikipedia.org/wiki/%D0%92%D0%BE%D0%B7%D0%B4%D1%83%D1%85" title="Воздух">воздух</a>, продукты сгорания топлива) среда, перемещающаяся в системе отопления, называется&nbsp;<a href="https://ru.wikipedia.org/wiki/%D0%A2%D0%B5%D0%BF%D0%BB%D0%BE%D0%BD%D0%BE%D1%81%D0%B8%D1%82%D0%B5%D0%BB%D1%8C" title="Теплоноситель">теплоносителем</a>.</p>\n\n<p>Современные системы отопления имеют принципиально иной подход к регулированию в сравнении с &laquo;классическими&raquo;&nbsp;&mdash; это не процесс&nbsp;<a href="https://ru.wikipedia.org/w/index.php?title=%D0%9F%D1%83%D1%81%D0%BA%D0%BE%D0%BD%D0%B0%D0%BB%D0%B0%D0%B4%D0%BA%D0%B0&amp;action=edit&amp;redlink=1" title="Пусконаладка (страница отсутствует)">наладки перед пуском</a>, с последующей работой в постоянном гидравлическом режиме&nbsp;&mdash; это системы с постоянно изменяющимся тепловым и гидравлическим режимами в процессе эксплуатации, что соответственно требует&nbsp;<a href="https://ru.wikipedia.org/wiki/%D0%90%D0%B2%D1%82%D0%BE%D0%BC%D0%B0%D1%82%D0%B8%D0%B7%D0%B0%D1%86%D0%B8%D1%8F" title="Автоматизация">автоматизации</a>&nbsp;систем для отслеживания этих изменений и реагирования на них.</p>\n\n<p>К примеру, изменение&nbsp;<a href="https://ru.wikipedia.org/w/index.php?title=%D0%A2%D0%B5%D0%BF%D0%BB%D0%BE%D0%B2%D0%BE%D0%B9_%D1%80%D0%B5%D0%B6%D0%B8%D0%BC&amp;action=edit&amp;redlink=1" title="Тепловой режим (страница отсутствует)">теплового режима</a>&nbsp;зависит от способности терморегулятора изменять расход тепловой энергии на нагревательные приборы в системе отопления путем изменения гидравлического режима, что вызывает цепную реакцию других систем (либо терморегуляторов, что может вызвать как разрегулировку системы, так и выход из строя&nbsp;<a href="https://ru.wikipedia.org/wiki/%D0%A6%D0%B8%D1%80%D0%BA%D1%83%D0%BB%D1%8F%D1%86%D0%B8%D0%BE%D0%BD%D0%BD%D1%8B%D0%B9_%D0%BD%D0%B0%D1%81%D0%BE%D1%81" title="Циркуляционный насос">циркуляционного насоса</a>, либо перегрузку системы электроснабжения).</p>\n\n<p>Также, изменилась классификация систем отопления. Во всяком случае, представляется логичным введение новых признаков систем, отличающих системы с терморегулирующим оборудованием от классических.</p>\n', '../../../upload/cat_image/dfgdfgdfgdbuilding_construction_256.png'),
(7, 'Бензопилы', 'enable', 'benzopili', 1, '', '../../../upload/cat_image/benzopilihand_saw_256.png'),
(8, 'Шлифмашины', 'enable', 'shlifmashini', 1, '', '../../../upload/cat_image/shlifmashinigrinder_256.png'),
(9, 'КИП', 'enable', 'kip', 1, '', '../../../upload/cat_image/kipgauge_256.png');

-- --------------------------------------------------------

--
-- Структура таблицы `city`
--

CREATE TABLE IF NOT EXISTS `city` (
  `id` int(11) NOT NULL,
  `name` varchar(100) DEFAULT NULL,
  `centr` varchar(50) NOT NULL
) ENGINE=MyISAM AUTO_INCREMENT=26 DEFAULT CHARSET=utf8;

--
-- Дамп данных таблицы `city`
--

INSERT INTO `city` (`id`, `name`, `centr`) VALUES
(1, 'АР Крым', 'Симферополь'),
(2, 'Винницкая область', 'Винница'),
(3, 'Волынская область', 'Луцк'),
(4, 'Днепропетровская область', 'Днепропетровск'),
(5, 'Донецкая область', 'Донецк'),
(6, 'Житомирская область', 'Житомир'),
(7, 'Закарпатская область', 'Ужгород'),
(8, 'Запорожская область', 'Запорожье'),
(9, 'Ивано-Франковская область', 'Ивано-Франковск'),
(10, 'Киевская область', 'Киев'),
(11, 'Кировоградская область', 'Кировоград'),
(12, 'Луганская область', 'Луганск'),
(13, 'Львовская область', 'Львов'),
(14, 'Николаевская область', 'Николаев'),
(15, 'Одесская область', 'Одесса'),
(16, 'Полтавская область', 'Полтава'),
(17, 'Ровенская область', 'Ровно'),
(18, 'Сумская область', 'Суммы'),
(19, 'Тернопольская область', 'Тернополь'),
(20, 'Харьковская область', 'Харьков'),
(21, 'Херсонская область', 'Херсон'),
(22, 'Хмельницкая область', 'Хмельницк'),
(23, 'Черкасская область', 'Черкассы'),
(24, 'Черниговская область', 'Чернигов'),
(25, 'Черновицкая область', 'Черновцы');

-- --------------------------------------------------------

--
-- Структура таблицы `ci_sessions`
--

CREATE TABLE IF NOT EXISTS `ci_sessions` (
  `session_id` varchar(40) NOT NULL DEFAULT '0',
  `ip_address` varchar(16) NOT NULL DEFAULT '0',
  `user_agent` varchar(2000) NOT NULL,
  `last_activity` int(10) unsigned NOT NULL DEFAULT '0',
  `user_data` text NOT NULL
) ENGINE=MyISAM DEFAULT CHARSET=utf8;

--
-- Дамп данных таблицы `ci_sessions`
--

INSERT INTO `ci_sessions` (`session_id`, `ip_address`, `user_agent`, `last_activity`, `user_data`) VALUES
('53dba247ba82ff85527b628ec421dd66', '127.0.0.1', 'Mozilla/5.0 (X11; Linux x86_64) AppleWebKit/537.36 (KHTML, like Gecko) Chrome/44.0.2403.157 Safari/537.36', 1440975459, 'a:2:{s:5:"admin";a:3:{s:4:"name";s:5:"Admin";s:5:"email";s:5:"admin";s:9:"user_type";s:5:"admin";}s:9:"data_view";a:3:{i:0;s:1:"6";i:1;s:1:"7";i:2;s:1:"1";}}');

-- --------------------------------------------------------

--
-- Структура таблицы `commit`
--

CREATE TABLE IF NOT EXISTS `commit` (
  `id` int(11) NOT NULL,
  `author` varchar(100) NOT NULL,
  `email` varchar(100) NOT NULL,
  `commit` text NOT NULL,
  `stars` int(1) NOT NULL,
  `date` datetime NOT NULL,
  `company_id` int(11) NOT NULL
) ENGINE=MyISAM AUTO_INCREMENT=8 DEFAULT CHARSET=utf8;

--
-- Дамп данных таблицы `commit`
--

INSERT INTO `commit` (`id`, `author`, `email`, `commit`, `stars`, `date`, `company_id`) VALUES
(1, 'Maks', 'Maks', 'shfdhdhdfhdfhdf ', 4, '2015-06-19 11:31:27', 2548244),
(2, 'Maks', 'Maks', 'Lorem ipsum dolor sit amet, consectetur adipiscing elit. Mauris ipsum erat, finibus sit amet fringilla id, accumsan sed nisl. \nNulla odio eros, blandit ac metus faucibus, sollicitudin posuere sapien. Maecenas ut convallis arcu. Phasellus at tellus \nsed odio vestibulum sodales in at lacus. Sed commodo metus et sapien pretium, ac sollicitudin enim dignissim. Donec tempus \ndiam et porta aliquam. Ut efficitur sollicitudin diam a accumsan.', 5, '2015-06-19 11:39:22', 2548244),
(4, 'Maks', 'Maks', 'Lorem ipsum dolor sit amet, consectetur adipiscing elit. Mauris ipsum erat, finibus sit amet fringilla id, accumsan sed nisl. Nulla odio eros, blandit ac metus faucibus, sollicitudin posuere sapien. Maecenas ut convallis arcu. Phasellus at tellus sed odio vestibulum sodales in at lacus. Sed commodo metus et sapien pretium, ac sollicitudin enim dignissim. Donec tempus diam et porta aliquam. Ut efficitur sollicitudin diam a accumsan.', 2, '2015-06-19 12:08:42', 2548244),
(5, 'Maks', 'Maks', 'Lorem ipsum dolor sit amet, consectetur adipiscing elit. Mauris ipsum erat, finibus sit amet fringilla id, accumsan sed nisl.', 3, '2015-06-19 12:09:52', 1),
(6, 'Макс', 'Макс', 'Мы команда просто класс - победи попробуй нас', 4, '2015-06-20 15:42:45', 1),
(7, 'Maks', 'Maks', 'чсвампролсмп', 1, '2015-06-25 13:41:51', 2548244);

-- --------------------------------------------------------

--
-- Структура таблицы `fake_comments`
--

CREATE TABLE IF NOT EXISTS `fake_comments` (
  `id` int(11) NOT NULL,
  `user_name` varchar(50) NOT NULL,
  `text` text NOT NULL,
  `photo_path` varchar(250) NOT NULL,
  `office` varchar(30) NOT NULL,
  `status` varchar(10) NOT NULL
) ENGINE=MyISAM AUTO_INCREMENT=3 DEFAULT CHARSET=utf8;

--
-- Дамп данных таблицы `fake_comments`
--

INSERT INTO `fake_comments` (`id`, `user_name`, `text`, `photo_path`, `office`, `status`) VALUES
(1, 'Maксим Приходько22', 'Nulla odio eros, blandit ac metus faucibus, sollicitudin posuere sapien. Maecenas ut convallis arcu. \n', '../../../img/osHhcpJWyHA.jpg', 'developer222', 'enable'),
(2, 'Александр Притула', 'Lorem ipsum dolor sit amet, consectetur adipiscing elit. Mauris ipsum erat, finibus sit amet fringilla id, accumsan sed nisl. \r\n                                    Nulla odio eros, blandit ac metus faucibus, sollicitudin posuere sapien. Maecenas ut convallis arcu. Phasellus at tellus \r\n                                    sed odio vestibulum sodales in at lacus. Sed commodo metus et sapien pretium, ac sollicitudin enim dignissim. Donec tempus \r\n                                    diam et porta aliquam. Ut efficitur sollicitudin diam a accumsan.', '../../../img/yODbaxarTWA.jpg', 'developer', 'enable');

-- --------------------------------------------------------

--
-- Структура таблицы `focus_products`
--

CREATE TABLE IF NOT EXISTS `focus_products` (
  `id` int(11) NOT NULL,
  `name` varchar(250) NOT NULL,
  `status` varchar(10) NOT NULL
) ENGINE=MyISAM AUTO_INCREMENT=4 DEFAULT CHARSET=utf8;

--
-- Дамп данных таблицы `focus_products`
--

INSERT INTO `focus_products` (`id`, `name`, `status`) VALUES
(1, 'Промышленные товары', 'enable'),
(2, 'Потребительские товары', 'enable'),
(3, 'Услуги', 'enable');

-- --------------------------------------------------------

--
-- Структура таблицы `gallery`
--

CREATE TABLE IF NOT EXISTS `gallery` (
  `id` int(11) NOT NULL,
  `name` varchar(200) CHARACTER SET utf8 NOT NULL,
  `image_path` varchar(350) CHARACTER SET utf8 NOT NULL,
  `description` text CHARACTER SET utf8 NOT NULL,
  `status` varchar(10) CHARACTER SET utf8 NOT NULL
) ENGINE=InnoDB AUTO_INCREMENT=4 DEFAULT CHARSET=latin1;

--
-- Дамп данных таблицы `gallery`
--

INSERT INTO `gallery` (`id`, `name`, `image_path`, `description`, `status`) VALUES
(2, 'Picture 13434', '../../../upload/gallery/air_compressor_256.png', '<p>Собственники новых жилых объектов в скором времени могут быть освобождены от обязанности вносить плату за капитальный ремонт многоквартирного дома. Такая информация содержится в новом пакете поправок, предлагаемых к внесению в закон &laquo;О платежной дисциплине собственников жилья&raquo;, который был принять депутатами Государственной Думы в первом же чтении еще на весенней сессии парламента.</p>\n\n\n', 'enable'),
(3, 'Picture 2', '../../../upload/gallery/awls_256.png', '<p>Собственники новых жилых объектов в скором времени могут быть освобождены от обязанности вносить плату за капитальный ремонт многоквартирного дома. Такая информация содержится в новом пакете поправок, предлагаемых к внесению в закон &laquo;О платежной дисциплине собственников жилья&raquo;, который был принять депутатами Государственной Думы в первом же чтении еще на весенней сессии парламента.</p>\n', 'enable');

-- --------------------------------------------------------

--
-- Структура таблицы `locality`
--

CREATE TABLE IF NOT EXISTS `locality` (
  `id` int(11) NOT NULL,
  `name` varchar(100) DEFAULT NULL,
  `city_id` int(11) DEFAULT NULL
) ENGINE=MyISAM AUTO_INCREMENT=2463 DEFAULT CHARSET=utf8;

--
-- Дамп данных таблицы `locality`
--

INSERT INTO `locality` (`id`, `name`, `city_id`) VALUES
(1, 'Аграрное', 1),
(2, 'Азовское', 1),
(3, 'Алупка', 1),
(4, 'Алушта', 1),
(5, 'Армянск', 1),
(6, 'Аэрофлотский', 1),
(7, 'Багерово', 1),
(8, 'Бахчисарай', 1),
(9, 'Белоглинка', 1),
(10, 'Белогорск', 1),
(11, 'Ближнее', 1),
(12, 'Бондаренково', 1),
(13, 'Вилино', 1),
(14, 'Виноградное', 1),
(15, 'Витино', 1),
(16, 'Войково', 1),
(17, 'Восход', 1),
(18, 'Гаспра', 1),
(19, 'Гвардейское', 1),
(20, 'Геройское', 1),
(21, 'Голубой Залив', 1),
(22, 'Грэсовский', 1),
(23, 'Гурзуф', 1),
(24, 'Далекое', 1),
(25, 'Джанкой', 1),
(26, 'Днепровка', 1),
(27, 'Доброе', 1),
(28, 'Донское', 1),
(29, 'Евпатория', 1),
(30, 'Желябовка', 1),
(31, 'Журавки', 1),
(32, 'Заозерное', 1),
(33, 'Зуя', 1),
(34, 'Калиновка', 1),
(35, 'Каменоломня', 1),
(36, 'Каменское', 1),
(37, 'Карьерное', 1),
(38, 'Кацивели', 1),
(39, 'Кача', 1),
(40, 'Керчь', 1),
(41, 'Кировское', 1),
(42, 'Коктебель', 1),
(43, 'Кольчугино', 1),
(44, 'Комсомольское', 1),
(45, 'Кореиз', 1),
(46, 'Красногвардейское', 1),
(47, 'Краснокаменка', 1),
(48, 'Красноперекопск', 1),
(49, 'Кримское', 1),
(50, 'Куйбышево', 1),
(51, 'Курпаты', 1),
(52, 'Ленино', 1),
(53, 'Ливадия', 1),
(54, 'Мазанка', 1),
(55, 'Малореченское', 1),
(56, 'Малый маяк', 1),
(57, 'Марфовка', 1),
(58, 'Массандра', 1),
(59, 'Межводное', 1),
(60, 'Мирное', 1),
(61, 'Молодежное', 1),
(62, 'Мраморное', 1),
(63, 'Нижнегорский', 1),
(64, 'Никита', 1),
(65, 'Николаевка', 1),
(66, 'Новоозерное', 1),
(67, 'Новоселовское', 1),
(68, 'Новосельское', 1),
(69, 'Новый Свет', 1),
(70, 'Октябрьское', 1),
(71, 'Олива', 1),
(72, 'Орджоникидзе', 1),
(73, 'Ореанда', 1),
(74, 'Орехово', 1),
(75, 'Останино', 1),
(76, 'Отрадное', 1),
(77, 'Парковое', 1),
(78, 'Партенит', 1),
(79, 'Первомайское', 1),
(80, 'Перевальное', 1),
(81, 'Перово', 1),
(82, 'Песчаное', 1),
(83, 'Петровка', 1),
(84, 'Пионерское', 1),
(85, 'Пожарское', 1),
(86, 'Полтавка', 1),
(87, 'Понизовка', 1),
(88, 'Почтовое', 1),
(89, 'Прибрежное', 1),
(90, 'Приветное', 1),
(91, 'Приморский', 1),
(92, 'Приозерное', 1),
(93, 'Раздольное', 1),
(94, 'Родниковое', 1),
(95, 'Роздольное', 1),
(96, 'Садовое', 1),
(97, 'Саки', 1),
(98, 'Санаторное', 1),
(99, 'Сенокосное', 1),
(100, 'Симеиз', 1),
(101, 'Симферополь', 1),
(102, 'Скалистое', 1),
(103, 'Скворцово', 1),
(104, 'Советский', 1),
(105, 'Советское', 1),
(106, 'Соляное', 1),
(107, 'Старый', 1),
(108, 'Судак', 1),
(109, 'Тамбовка', 1),
(110, 'Топольное', 1),
(111, 'Укромное', 1),
(112, 'Феодосия', 1),
(113, 'Фонтаны', 1),
(114, 'Форос', 1),
(115, 'Чайкино', 1),
(116, 'Черноморское', 1),
(117, 'Чистенькое', 1),
(118, 'Чистополье', 1),
(119, 'Чкалово', 1),
(120, 'Щебетовка', 1),
(121, 'Щелкино', 1),
(122, 'Ялта', 1),
(123, 'Янтарное', 1),
(124, 'Ясное', 1),
(125, 'Агрономичное', 2),
(126, 'Бабин', 2),
(127, 'Балки', 2),
(128, 'Бар', 2),
(129, 'Бершадь', 2),
(130, 'Бохоники', 2),
(131, 'Браилов', 2),
(132, 'Брацлав', 2),
(133, 'Бродецкое', 2),
(134, 'В.Киреевка', 2),
(135, 'Вапнярка', 2),
(136, 'Великий мытник', 2),
(137, 'Вендичаны', 2),
(138, 'Вилы', 2),
(139, 'Винница', 2),
(140, 'Винницкие хутора', 2),
(141, 'Войтовка', 2),
(142, 'Вороновица', 2),
(143, 'Вышеольчедаев', 2),
(144, 'Гавришовка', 2),
(145, 'Гайсин', 2),
(146, 'Глуховцы', 2),
(147, 'Гнивань', 2),
(148, 'Гоноривка', 2),
(149, 'Городковка', 2),
(150, 'Дашев', 2),
(151, 'Деребчин', 2),
(152, 'Джурин', 2),
(153, 'Дзыговка', 2),
(154, 'Жабелевка', 2),
(155, 'Ждановка', 2),
(156, 'Жмеринка', 2),
(157, 'Журавлевка', 2),
(158, 'Зарванцы', 2),
(159, 'Иванов', 2),
(160, 'Иллинцы', 2),
(161, 'Ильинцы', 2),
(162, 'Иосиповка', 2),
(163, 'Казатин', 2),
(164, 'Калиновка', 2),
(165, 'Калиновка вторая', 2),
(166, 'Каменногорка', 2),
(167, 'Капустин', 2),
(168, 'Кирнасивка', 2),
(169, 'Клембовка', 2),
(170, 'Ковалевка', 2),
(171, 'Козятин', 2),
(172, 'Копайгород', 2),
(173, 'Корделевка', 2),
(174, 'Красное', 2),
(175, 'Красноселка', 2),
(176, 'Крыжополь', 2),
(177, 'Ладыжин', 2),
(178, 'Липовец', 2),
(179, 'Литин', 2),
(180, 'Лука- мелешковская', 2),
(181, 'Малый мытник', 2),
(182, 'Махаринцы', 2),
(183, 'Михайловка', 2),
(184, 'Могилев-Подольский', 2),
(185, 'Могилевка', 2),
(186, 'Моевка', 2),
(187, 'Мурованые Куриловцы', 2),
(188, 'Некрасово', 2),
(189, 'Немиров', 2),
(190, 'Нестерварка', 2),
(191, 'Ободовка', 2),
(192, 'Оратов', 2),
(193, 'Песчанка', 2),
(194, 'Пещанка', 2),
(195, 'Писаревка', 2),
(196, 'Погребище', 2),
(197, 'Погребище первое', 2),
(198, 'Росоша', 2),
(199, 'Рудница', 2),
(200, 'с. Поповцы', 2),
(201, 'Севериновка', 2),
(202, 'Селище', 2),
(203, 'Ситковцы', 2),
(204, 'Скоморошки', 2),
(205, 'Соболевка', 2),
(206, 'Сокиринцы', 2),
(207, 'Соколец', 2),
(208, 'Соколовка', 2),
(209, 'Сосновка', 2),
(210, 'Стрижавка', 2),
(211, 'Студеная', 2),
(212, 'Сутиски', 2),
(213, 'Теплик', 2),
(214, 'Тиврев', 2),
(215, 'Титусовка', 2),
(216, 'Томашполь', 2),
(217, 'Тростянец', 2),
(218, 'Тульчин', 2),
(219, 'Турбов', 2),
(220, 'Тывров', 2),
(221, 'Тютьки', 2),
(222, 'Удич', 2),
(223, 'Уладовка', 2),
(224, 'Уланов', 2),
(225, 'Хижинцы', 2),
(226, 'Хмельник', 2),
(227, 'Чемерисы-барские', 2),
(228, 'Черневцы', 2),
(229, 'Черномин', 2),
(230, 'Чернятка', 2),
(231, 'Чечельник', 2),
(232, 'Шаргород', 2),
(233, 'Широкая гребля', 2),
(234, 'Шпиков', 2),
(235, 'Юзефо-Николаевка', 2),
(236, 'Якушинцы', 2),
(237, 'Ялтушков', 2),
(238, 'Ямполь', 2),
(239, 'Белин', 3),
(240, 'Берестечко', 3),
(241, 'Боратин', 3),
(242, 'Буцин', 3),
(243, 'Великая глуша', 3),
(244, 'Великий омеляник', 3),
(245, 'Владимир-Волынский', 3),
(246, 'Воля-ковельская', 3),
(247, 'Всеволодовка', 3),
(248, 'Голобы', 3),
(249, 'Городок', 3),
(250, 'Горохов', 3),
(251, 'Горькая полонка', 3),
(252, 'Дедычи', 3),
(253, 'Дерно', 3),
(254, 'Дубечно', 3),
(255, 'Дубовое', 3),
(256, 'Жабка', 3),
(257, 'Жовтневое', 3),
(258, 'Журавичи', 3),
(259, 'Забороль', 3),
(260, 'Залесочье', 3),
(261, 'Замличи', 3),
(262, 'Заречье', 3),
(263, 'Зеленая', 3),
(264, 'Змиенец', 3),
(265, 'Иваничи', 3),
(266, 'Иванычи', 3),
(267, 'Камень-Каширский', 3),
(268, 'Киверцы', 3),
(269, 'Кияж', 3),
(270, 'Ковель', 3),
(271, 'Колки', 3),
(272, 'Коцюры', 3),
(273, 'Крупа', 3),
(274, 'Кульчин', 3),
(275, 'Куснища', 3),
(276, 'Липины', 3),
(277, 'Локачи', 3),
(278, 'Луков', 3),
(279, 'Луцк', 3),
(280, 'Лыще', 3),
(281, 'Любешов', 3),
(282, 'Любитов', 3),
(283, 'Люблинец', 3),
(284, 'Любомль', 3),
(285, 'Маневичи', 3),
(286, 'Марьяновка', 3),
(287, 'Маяки', 3),
(288, 'Несвич', 3),
(289, 'Новая лешня', 3),
(290, 'Нововолынск', 3),
(291, 'Овадное', 3),
(292, 'Озерцо', 3),
(293, 'Олыка', 3),
(294, 'Павловка', 3),
(295, 'Поворск', 3),
(296, 'Подгайцы', 3),
(297, 'Полонка', 3),
(298, 'Проходы', 3),
(299, 'Радомышль', 3),
(300, 'Ракита', 3),
(301, 'Ратно', 3),
(302, 'Ратнов', 3),
(303, 'Рачин', 3),
(304, 'Ровное', 3),
(305, 'Рожище', 3),
(306, 'Рокини', 3),
(307, 'Романов', 3),
(308, 'Сокиричи', 3),
(309, 'Старая Выжевка', 3),
(310, 'Старовойтовое', 3),
(311, 'Староселье', 3),
(312, 'Струмовка', 3),
(313, 'Суск', 3),
(314, 'Тарасово', 3),
(315, 'Тишковичи', 3),
(316, 'Торчин', 3),
(317, 'Турийск', 3),
(318, 'Устилуг', 3),
(319, 'Федоровка', 3),
(320, 'Цумань', 3),
(321, 'Чаруков', 3),
(322, 'Чемерин', 3),
(323, 'Шацк', 3),
(324, 'Шепель', 3),
(325, 'Александрополь', 4),
(326, 'Алексеевка', 4),
(327, 'Андреевка', 4),
(328, 'Апостолово', 4),
(329, 'Аулы', 4),
(330, 'Баловка', 4),
(331, 'Богуслав', 4),
(332, 'Брагиновка', 4),
(333, 'Братское', 4),
(334, 'Валовое', 4),
(335, 'Васильковка', 4),
(336, 'Вербки', 4),
(337, 'Верхнеднепровск', 4),
(338, 'Верховцево', 4),
(339, 'Веселое', 4),
(340, 'Вишневое', 4),
(341, 'Волосское', 4),
(342, 'Вольногорск', 4),
(343, 'Вольное', 4),
(344, 'Выдвиженец', 4),
(345, 'Высшетарасовка', 4),
(346, 'Гвардейское', 4),
(347, 'Голубовка', 4),
(348, 'Горького', 4),
(349, 'Гранитное', 4),
(350, 'Грузское', 4),
(351, 'Губиниха', 4),
(352, 'Гупаловка', 4),
(353, 'Девладово', 4),
(354, 'Дмитровка', 4),
(355, 'Днепровское', 4),
(356, 'Днепродзержинск', 4),
(357, 'Днепропетровск', 4),
(358, 'Дослидное', 4),
(359, 'Елизарово', 4),
(360, 'Жданово', 4),
(361, 'Желтые Воды', 4),
(362, 'Зеленодольск', 4),
(363, 'Златоустовка', 4),
(364, 'Знаменовка', 4),
(365, 'Ивано-яризовка', 4),
(366, 'Илларионово', 4),
(367, 'Ингулец', 4),
(368, 'Каменка', 4),
(369, 'Каменское', 4),
(370, 'Кильчень', 4),
(371, 'Кировка', 4),
(372, 'Кировское', 4),
(373, 'Красногвардейский', 4),
(374, 'Кривбасс', 4),
(375, 'Кривой Рог', 4),
(376, 'Кринички', 4),
(377, 'Куриловка', 4),
(378, 'Лозоватка', 4),
(379, 'Магдалиновка', 4),
(380, 'Майское', 4),
(381, 'Марганец', 4),
(382, 'Марьяновка', 4),
(383, 'Межевая', 4),
(384, 'Межирич', 4),
(385, 'Мелиоративное', 4),
(386, 'Менжинское', 4),
(387, 'Мировое', 4),
(388, 'Мусиевка', 4),
(389, 'Надеждовка', 4),
(390, 'Недайвода', 4),
(391, 'Нива трудовая', 4),
(392, 'Николаевка', 4),
(393, 'Никополь', 4),
(394, 'Новая русь', 4),
(395, 'Новоалександровка', 4),
(396, 'Новоивановка', 4),
(397, 'Новолозоватка', 4),
(398, 'Новомосковск', 4),
(399, 'Новониколаевка', 4),
(400, 'Новополье', 4),
(401, 'Орджоникидзе', 4),
(402, 'Орловщина', 4),
(403, 'Павлоград', 4),
(404, 'Партизанское', 4),
(405, 'Первомайск', 4),
(406, 'Перемога', 4),
(407, 'Перещепино', 4),
(408, 'Першотравенск', 4),
(409, 'Песчанка', 4),
(410, 'Петриковка', 4),
(411, 'Петропавловка', 4),
(412, 'Пивденное', 4),
(413, 'Подгородное', 4),
(414, 'Покровское', 4),
(415, 'Попасное', 4),
(416, 'Приднепрянское', 4),
(417, 'Просяная', 4),
(418, 'Пушкаревка', 4),
(419, 'Пятихатки', 4),
(420, 'Радушное', 4),
(421, 'с. Лозуватка', 4),
(422, 'Синельниково', 4),
(423, 'Славгород', 4),
(424, 'Соленое', 4),
(425, 'Софиевка', 4),
(426, 'Старые кодаки', 4),
(427, 'Сурско-литовское', 4),
(428, 'Таромское', 4),
(429, 'Тепловка', 4),
(430, 'Терновка', 4),
(431, 'Токмаковка', 4),
(432, 'Токовское', 4),
(433, 'Томаковка', 4),
(434, 'Хащевое', 4),
(435, 'Христофоровка', 4),
(436, 'Царичанка', 4),
(437, 'Чаплино', 4),
(438, 'Червоногригоровка', 4),
(439, 'Червоные поды', 4),
(440, 'Чкаловка', 4),
(441, 'Чкалово', 4),
(442, 'Чумаки', 4),
(443, 'Широкое', 4),
(444, 'Шолохово', 4),
(445, 'Юбилейное', 4),
(446, 'Юрьевка', 4),
(447, 'Авдеевка', 5),
(448, 'Александровка', 5),
(449, 'Алексеево-Дружковка', 5),
(450, 'Амвросиевка', 5),
(451, 'Артема', 5),
(452, 'Артемово', 5),
(453, 'Артемовск', 5),
(454, 'Артемовское', 5),
(455, 'Бахмутское', 5),
(456, 'Белая гора', 5),
(457, 'Белицкое', 5),
(458, 'Белозерское', 5),
(459, 'Белокузьминовка', 5),
(460, 'Богоявленка', 5),
(461, 'Былбасовка', 5),
(462, 'Великая Новоселка', 5),
(463, 'Владимировка', 5),
(464, 'Волноваха', 5),
(465, 'Володарское', 5),
(466, 'Георгиевка', 5),
(467, 'Горловка', 5),
(468, 'Горное', 5),
(469, 'Горняк', 5),
(470, 'Горняцкое', 5),
(471, 'Гранитное', 5),
(472, 'Гришино', 5),
(473, 'Дебальцево', 5),
(474, 'Дзержинск', 5),
(475, 'Димитров', 5),
(476, 'Доброполье', 5),
(477, 'Докучаевск', 5),
(478, 'Долина', 5),
(479, 'Долиновка', 5),
(480, 'Донецк', 5),
(481, 'Донецкое', 5),
(482, 'Донское', 5),
(483, 'Дорожное', 5),
(484, 'Дробышево', 5),
(485, 'Дружковка', 5),
(486, 'Енакиево', 5),
(487, 'Ждановка', 5),
(488, 'Заможное', 5),
(489, 'Заря', 5),
(490, 'Зугрэс', 5),
(491, 'Иванополье', 5),
(492, 'Иловайск', 5),
(493, 'Ильича', 5),
(494, 'Ильичовское', 5),
(495, 'Катериновка', 5),
(496, 'Кировское', 5),
(497, 'Кленовка', 5),
(498, 'Комсомольское', 5),
(499, 'Кондратовка', 5),
(500, 'Константиновка', 5),
(501, 'Краматорск', 5),
(502, 'Красная поляна', 5),
(503, 'Красноармейск', 5),
(504, 'Красногоровка', 5),
(505, 'Красное', 5),
(506, 'Красный Лиман', 5),
(507, 'Красный партизан', 5),
(508, 'Крестище', 5),
(509, 'Кураховка', 5),
(510, 'Курахово', 5),
(511, 'Курдюмовка', 5),
(512, 'Кутейниково', 5),
(513, 'Макеевка', 5),
(514, 'Малиновка', 5),
(515, 'Мангуш', 5),
(516, 'Мариуполь', 5),
(517, 'Марково', 5),
(518, 'Марьинка', 5),
(519, 'Мирное', 5),
(520, 'Мироновка', 5),
(521, 'Михайловка', 5),
(522, 'Молодежное', 5),
(523, 'Молодецкое', 5),
(524, 'Моспино', 5),
(525, 'Николаевка', 5),
(526, 'Николайполье', 5),
(527, 'Новгородское', 5),
(528, 'Новоазовск', 5),
(529, 'Новоамвросиевское', 5),
(530, 'Новогродовка', 5),
(531, 'Новодонецкое', 5),
(532, 'Новозарьевка', 5),
(533, 'Новотроицкое', 5),
(534, 'Новоэкономическое', 5),
(535, 'Новый Свет', 5),
(536, 'Ольгинка', 5),
(537, 'Опытное', 5),
(538, 'Очеретино', 5),
(539, 'Пантелеймоновка', 5),
(540, 'Перше травня', 5),
(541, 'Пески', 5),
(542, 'Песчаное', 5),
(543, 'Пискуновка', 5),
(544, 'Предтечино', 5),
(545, 'Приволье', 5),
(546, 'Райгородок', 5),
(547, 'Ровное', 5),
(548, 'Родинское', 5),
(549, 'Сартана', 5),
(550, 'Светлодарск', 5),
(551, 'Святогорск', 5),
(552, 'Северск', 5),
(553, 'Селезневка', 5),
(554, 'Селидово', 5),
(555, 'Славянск', 5),
(556, 'Снежное', 5),
(557, 'Соледар', 5),
(558, 'Спартак', 5),
(559, 'Старобешево', 5),
(560, 'Старомихайловка', 5),
(561, 'Старый крым', 5),
(562, 'Стожково', 5),
(563, 'Тельманово', 5),
(564, 'Торез', 5),
(565, 'Углегорск', 5),
(566, 'Угледар', 5),
(567, 'Удачное', 5),
(568, 'Украинск', 5),
(569, 'Харцызск', 5),
(570, 'Цукурино', 5),
(571, 'Часов Яр', 5),
(572, 'Червоная украина', 5),
(573, 'Черкасское', 5),
(574, 'Шахтерск', 5),
(575, 'Шахтное', 5),
(576, 'Юнокоммунаровск', 5),
(577, 'Юрьевка', 5),
(578, 'Яковлевка', 5),
(579, 'Ялта', 5),
(580, 'Ясиноватая', 5),
(581, 'Андреевка', 6),
(582, 'Андрушевка', 6),
(583, 'Андрушки', 6),
(584, 'Барановка', 6),
(585, 'Белая Криница', 6),
(586, 'Бердичев', 6),
(587, 'Бехи', 6),
(588, 'Билкы', 6),
(589, 'Бондари', 6),
(590, 'Бондаривка', 6),
(591, 'Броницкая Гута', 6),
(592, 'Брусилов', 6),
(593, 'Буймир', 6),
(594, 'Быковка', 6),
(595, 'Быстрик', 6),
(596, 'Васьковичи', 6),
(597, 'Великие Коровинцы', 6),
(598, 'Великие низгорцы', 6),
(599, 'Вересы', 6),
(600, 'Володарск-Волынский', 6),
(601, 'Вышевичи', 6),
(602, 'Ганнополь', 6),
(603, 'Глубочица', 6),
(604, 'Головино', 6),
(605, 'Городница', 6),
(606, 'Горщик', 6),
(607, 'Гришковцы', 6),
(608, 'Грозино', 6),
(609, 'Гуйва', 6),
(610, 'Гульск', 6),
(611, 'Дзержинск', 6),
(612, 'Довбыш', 6),
(613, 'Должик', 6),
(614, 'Дружба', 6),
(615, 'Емильчино', 6),
(616, 'Житомир', 6),
(617, 'Забранное', 6),
(618, 'Заречаны', 6),
(619, 'Ивановка', 6),
(620, 'Иванополь', 6),
(621, 'Ивашковка', 6),
(622, 'Иршанск', 6),
(623, 'Йосиповка', 6),
(624, 'Каменный Брод', 6),
(625, 'Кирданы', 6),
(626, 'Кишин', 6),
(627, 'Кленовая', 6),
(628, 'Клетчин', 6),
(629, 'Корнин', 6),
(630, 'Коростень', 6),
(631, 'Коростышев', 6),
(632, 'Котовка', 6),
(633, 'Кочеров', 6),
(634, 'Кошелевка', 6),
(635, 'Крапивня', 6),
(636, 'Красногорка', 6),
(637, 'Краснополь', 6),
(638, 'Крымок', 6),
(639, 'Ксаверов', 6),
(640, 'Липники', 6),
(641, 'Лугины', 6),
(642, 'Лужин', 6),
(643, 'Любар', 6),
(644, 'Малая Токаровка', 6),
(645, 'Малин', 6),
(646, 'Мамрин', 6),
(647, 'Марьяновка', 6),
(648, 'Мирное', 6),
(649, 'Мирный', 6),
(650, 'Миролюбовка', 6),
(651, 'Мирополь', 6),
(652, 'Народичи', 6),
(653, 'Новая Боровая', 6),
(654, 'Новоград-Волынский', 6),
(655, 'Новогуйвинское', 6),
(656, 'Новоивницкое', 6),
(657, 'Новоозерянка', 6),
(658, 'Новые Белокоровичи', 6),
(659, 'Норинск', 6),
(660, 'Овруч', 6),
(661, 'Озерное', 6),
(662, 'Олевск', 6),
(663, 'Олекс', 6),
(664, 'Олиевка', 6),
(665, 'Ольшанка', 6),
(666, 'Осыково', 6),
(667, 'Парипсы', 6),
(668, 'Перлявка', 6),
(669, 'Першотравенск', 6),
(670, 'Першотравневое', 6),
(671, 'Пилиповичи', 6),
(672, 'Подгородное', 6),
(673, 'Полянка', 6),
(674, 'Попельня', 6),
(675, 'Поромовка', 6),
(676, 'Пристанционное', 6),
(677, 'Пряжов', 6),
(678, 'Радомышль', 6),
(679, 'Романов', 6),
(680, 'Ружин', 6),
(681, 'Рыхальское', 6),
(682, 'с. Михайловка', 6),
(683, 'Сингуры', 6),
(684, 'Слободище', 6),
(685, 'Станишовка', 6),
(686, 'Старый солотвин', 6),
(687, 'Стрижевка', 6),
(688, 'Суслы', 6),
(689, 'Тетеревка', 6),
(690, 'Топильня', 6),
(691, 'Топорище', 6),
(692, 'Ушомир', 6),
(693, 'Ходаки', 6),
(694, 'Червоноармейск', 6),
(695, 'Червоногранитное', 6),
(696, 'Червоное', 6),
(697, 'Черняхов', 6),
(698, 'Чижовка', 6),
(699, 'Чоповичи', 6),
(700, 'Чуднов', 6),
(701, 'Шахворостовка', 6),
(702, 'Швайковка', 6),
(703, 'Щорсовка', 6),
(704, 'Яблонец', 6),
(705, 'Ярунь', 6),
(706, 'Андреевка', 7),
(707, 'Анталовцы', 7),
(708, 'Баранинцы', 7),
(709, 'Барвинок', 7),
(710, 'Батьево', 7),
(711, 'Бедевля', 7),
(712, 'Белки', 7),
(713, 'Берегово', 7),
(714, 'Березово', 7),
(715, 'Богдан', 7),
(716, 'Боронява', 7),
(717, 'Буштыно', 7),
(718, 'Вары', 7),
(719, 'Великая бакта', 7),
(720, 'Великая добронь', 7),
(721, 'Великие лазы', 7),
(722, 'Великие лучки', 7),
(723, 'Великий Березный', 7),
(724, 'Великий Бычков', 7),
(725, 'Верхнее водяное', 7),
(726, 'Виноградов', 7),
(727, 'Водица', 7),
(728, 'Воловец', 7),
(729, 'Вылок', 7),
(730, 'Вышково', 7),
(731, 'Ганичи', 7),
(732, 'Глубокий поток', 7),
(733, 'Горонглаб', 7),
(734, 'Гребля', 7),
(735, 'Грушево', 7),
(736, 'Деловое', 7),
(737, 'Диброва', 7),
(738, 'Добрянское', 7),
(739, 'Долгое', 7),
(740, 'Драгово', 7),
(741, 'Дубовое', 7),
(742, 'Дубриничи', 7),
(743, 'Дулово', 7),
(744, 'Дыйда', 7),
(745, 'Ждениево', 7),
(746, 'Завидово', 7),
(747, 'Задельское', 7),
(748, 'Зняцево', 7),
(749, 'Иза', 7),
(750, 'Ильница', 7),
(751, 'Иршава', 7),
(752, 'Калины', 7),
(753, 'Каменица', 7),
(754, 'Камянское', 7),
(755, 'Квасы', 7),
(756, 'Кендерешов', 7),
(757, 'Кленовец', 7),
(758, 'Ключарки', 7),
(759, 'Кобылецкая поляна', 7),
(760, 'Колочава', 7),
(761, 'Кольчино', 7),
(762, 'Королево', 7),
(763, 'Косовская поляна', 7),
(764, 'Косонь', 7),
(765, 'Куштановица', 7),
(766, 'Лазы', 7),
(767, 'Линцы', 7),
(768, 'Лисичево', 7),
(769, 'Лоза', 7),
(770, 'Луково', 7),
(771, 'Майдан', 7),
(772, 'Малая копаня', 7),
(773, 'Малый березный', 7),
(774, 'Межгорье', 7),
(775, 'Минай', 7),
(776, 'Мужиево', 7),
(777, 'Мукачево', 7),
(778, 'Невицкое', 7),
(779, 'Нересница', 7),
(780, 'Нижнее селище', 7),
(781, 'Нижние ворота', 7),
(782, 'Новое давыдково', 7),
(783, 'Олешник', 7),
(784, 'Ольховцы', 7),
(785, 'Ольховцы-лазы', 7),
(786, 'Павшино', 7),
(787, 'Пацканево', 7),
(788, 'Перечин', 7),
(789, 'Пестрялово', 7),
(790, 'Плоске', 7),
(791, 'Подобовец', 7),
(792, 'Поляна', 7),
(793, 'Попово', 7),
(794, 'Раково', 7),
(795, 'Ракошино', 7),
(796, 'Ратовцы', 7),
(797, 'Рахов', 7),
(798, 'Розовка', 7),
(799, 'Розтоки', 7),
(800, 'Рокосово', 7),
(801, 'Сасово', 7),
(802, 'Свалява', 7),
(803, 'Симерки', 7),
(804, 'Сокирница', 7),
(805, 'Соломоново', 7),
(806, 'Солотвино', 7),
(807, 'Среднее', 7),
(808, 'Среднее водяное', 7),
(809, 'Стеблевка', 7),
(810, 'Страбычово', 7),
(811, 'Сюртэ', 7),
(812, 'Тересва', 7),
(813, 'Терново', 7),
(814, 'Турички', 7),
(815, 'Турьи реметы', 7),
(816, 'Тячев', 7),
(817, 'Угля', 7),
(818, 'Ужгород', 7),
(819, 'Усть-Черна', 7),
(820, 'Фанчиково', 7),
(821, 'Хуст', 7),
(822, 'Чернотисов', 7),
(823, 'Чинадиево', 7),
(824, 'Чома', 7),
(825, 'Чоп', 7),
(826, 'Шаланки', 7),
(827, 'Шенборн', 7),
(828, 'Ясиня', 7),
(829, 'Акимовка', 8),
(830, 'Андреевка', 8),
(831, 'Балабино', 8),
(832, 'Бердянск', 8),
(833, 'Бердянское', 8),
(834, 'Бурчак', 8),
(835, 'Васильевка', 8),
(836, 'Великая Белозерка', 8),
(837, 'Верхний токмак первый', 8),
(838, 'Верхняя криница', 8),
(839, 'Веселое', 8),
(840, 'Владимировское', 8),
(841, 'Вольнянск', 8),
(842, 'Высокогорное', 8),
(843, 'Гуляйполе', 8),
(844, 'Днепрорудное', 8),
(845, 'Долинское', 8),
(846, 'Дружелюбовка', 8),
(847, 'Зализничное', 8),
(848, 'Запорожье', 8),
(849, 'Калиновка', 8),
(850, 'Каменка-Днепровская', 8),
(851, 'Камыш-Заря', 8),
(852, 'Камышеваха', 8),
(853, 'Каневское', 8),
(854, 'Кирилловка', 8),
(855, 'Коза', 8),
(856, 'Константиновка', 8),
(857, 'Куйбышево', 8),
(858, 'Кушугум', 8),
(859, 'Лукашево', 8),
(860, 'Луначарское', 8),
(861, 'Люцерна', 8),
(862, 'Малая токмачка', 8),
(863, 'Малокатериновка', 8),
(864, 'Марьевка', 8),
(865, 'Мелитополь', 8),
(866, 'Мирное', 8),
(867, 'Михайловка', 8),
(868, 'Молочанск', 8),
(869, 'Новобогдановка', 8),
(870, 'Новое запорожье', 8),
(871, 'Новолюбимовка', 8),
(872, 'Новониколаевка', 8),
(873, 'Новопетровка', 8),
(874, 'Орехов', 8),
(875, 'Осипенко', 8),
(876, 'Пологи', 8),
(877, 'Преображенка', 8),
(878, 'Приазовское', 8),
(879, 'Приморск', 8),
(880, 'Пришиб', 8),
(881, 'Розовка', 8),
(882, 'Семеновка', 8),
(883, 'Солнечное', 8),
(884, 'Старопетровка', 8),
(885, 'Степное', 8),
(886, 'Тепличное', 8),
(887, 'Терноватое', 8),
(888, 'Токмак', 8),
(889, 'Червоноднепровка', 8),
(890, 'Черниговка', 8),
(891, 'Шевченково', 8),
(892, 'Широкое', 8),
(893, 'Энергодар', 8),
(894, 'Богородчаны', 9),
(895, 'Боднаров', 9),
(896, 'Болехов', 9),
(897, 'Брошнив', 9),
(898, 'Брошнив-осада', 9),
(899, 'Бурштын', 9),
(900, 'Вербовец', 9),
(901, 'Верхний струтинь', 9),
(902, 'Верховина', 9),
(903, 'Волчинец', 9),
(904, 'Волчковцы', 9),
(905, 'Воронов', 9),
(906, 'Ворохта', 9),
(907, 'Выгода', 9),
(908, 'Гавриловка', 9),
(909, 'Галич', 9),
(910, 'Гвоздец', 9),
(911, 'Герыня', 9),
(912, 'Городенка', 9),
(913, 'Делятин', 9),
(914, 'Демьянов', 9),
(915, 'Джуров', 9),
(916, 'Дзвиняч', 9),
(917, 'Добровляны', 9),
(918, 'Долина', 9),
(919, 'Долишнее залучье', 9),
(920, 'Драгомирчаны', 9),
(921, 'Дуба', 9),
(922, 'Дубовцы', 9),
(923, 'Езуполь', 9),
(924, 'Заболотов', 9),
(925, 'Завалье', 9),
(926, 'Завой', 9),
(927, 'Загвоздье', 9),
(928, 'Заднестрянск', 9),
(929, 'Ивано-Франковск', 9),
(930, 'Ивановка', 9),
(931, 'Калуш', 9),
(932, 'Княжелука', 9),
(933, 'Ковалевка', 9),
(934, 'Коломыя', 9),
(935, 'Корнич', 9),
(936, 'Королевка', 9),
(937, 'Косов', 9),
(938, 'Криховцы', 9),
(939, 'Куты', 9),
(940, 'Ланчин', 9),
(941, 'Лисец', 9),
(942, 'Лолин', 9),
(943, 'Лопушня', 9),
(944, 'Майдан', 9),
(945, 'Малая турья', 9),
(946, 'Микуличин', 9),
(947, 'Надвирна', 9),
(948, 'Надворная', 9),
(949, 'Надиев', 9),
(950, 'Нижний вербиж', 9),
(951, 'Никитинцы', 9),
(952, 'Новица', 9),
(953, 'Новоселица', 9),
(954, 'Новый мизунь', 9),
(955, 'Обертин', 9),
(956, 'Оболонье', 9),
(957, 'Окно', 9),
(958, 'Олешов', 9),
(959, 'Отыния', 9),
(960, 'Павловка', 9),
(961, 'Перерыв', 9),
(962, 'Печенежин', 9),
(963, 'Пнев', 9),
(964, 'Побережье', 9),
(965, 'Подгорье', 9),
(966, 'Подмихайля', 9),
(967, 'Подпечеры', 9),
(968, 'Поляница', 9),
(969, 'Радча', 9),
(970, 'Раковчик', 9),
(971, 'Рогатин', 9),
(972, 'Рожнятов', 9),
(973, 'Саджава', 9),
(974, 'Саджавка', 9),
(975, 'Смодна', 9),
(976, 'Снятин', 9),
(977, 'Снятын', 9),
(978, 'Солотвин', 9),
(979, 'Сопов', 9),
(980, 'Средний бабин', 9),
(981, 'Старый косов', 9),
(982, 'Стопчатов', 9),
(983, 'Татаров', 9),
(984, 'Тисменница', 9),
(985, 'Тлумач', 9),
(986, 'Торговица', 9),
(987, 'Тужилов', 9),
(988, 'Турка', 9),
(989, 'Тысменица', 9),
(990, 'Угорники', 9),
(991, 'Угринов', 9),
(992, 'Устерики', 9),
(993, 'Хриплин', 9),
(994, 'Хутор-Будилов', 9),
(995, 'Цинева', 9),
(996, 'Чернятин', 9),
(997, 'Шешоры', 9),
(998, 'Яблоница', 9),
(999, 'Яблонов', 9),
(1000, 'Ямница', 9),
(1001, 'Яремча', 9),
(1002, 'Александровка', 10),
(1003, 'Бабинцы', 10),
(1004, 'Багрин', 10),
(1005, 'Барышевка', 10),
(1006, 'Безпятное', 10),
(1007, 'Белая Церковь', 10),
(1008, 'Белогородка', 10),
(1009, 'Березань', 10),
(1010, 'Беспечная', 10),
(1011, 'Блиставица', 10),
(1012, 'Богдановка', 10),
(1013, 'Богуслав', 10),
(1014, 'Борисполь', 10),
(1015, 'Боровая', 10),
(1016, 'Бородянка', 10),
(1017, 'Бортничи', 10),
(1018, 'Боярка', 10),
(1019, 'Бровары', 10),
(1020, 'Бузовая', 10),
(1021, 'Буча', 10),
(1022, 'Васильков', 10),
(1023, 'Великие гуляки', 10),
(1024, 'Веприк', 10),
(1025, 'Винницкие ставы', 10),
(1026, 'Вита-почтовая', 10),
(1027, 'Вишневое', 10),
(1028, 'Володарка', 10),
(1029, 'Ворзель', 10),
(1030, 'Вороньков', 10),
(1031, 'Вышгород', 10),
(1032, 'Гатное', 10),
(1033, 'Глеваха', 10),
(1034, 'Гнидын', 10),
(1035, 'Гоголев', 10),
(1036, 'Гореничи', 10),
(1037, 'Горенка', 10),
(1038, 'Городище-Пустоваровка', 10),
(1039, 'Гостомель', 10),
(1040, 'Гребенки', 10),
(1041, 'Григорьевка', 10),
(1042, 'Гуровщина', 10),
(1043, 'Демидов', 10),
(1044, 'Дениховка', 10),
(1045, 'Диброва', 10),
(1046, 'Дмитровка', 10),
(1047, 'Довгалевское', 10),
(1048, 'Дослидницкое', 10),
(1049, 'Дымер', 10),
(1050, 'Жовтневое', 10),
(1051, 'Зазимье', 10),
(1052, 'Згуровка', 10),
(1053, 'Иванков', 10),
(1054, 'Ирпень', 10),
(1055, 'Йосиповка', 10),
(1056, 'Кагарлык', 10),
(1057, 'Калиновка', 10),
(1058, 'Калита', 10),
(1059, 'Капитановка', 10),
(1060, 'Кашперовка', 10),
(1061, 'Клавдиево-Тарасово', 10),
(1062, 'Княжичи', 10),
(1063, 'Кодра', 10),
(1064, 'Кожанка', 10),
(1065, 'Козин', 10),
(1066, 'Королевка', 10),
(1067, 'Коцюбинское', 10),
(1068, 'Красиловка', 10),
(1069, 'Красное', 10),
(1070, 'Крюковщина', 10),
(1071, 'Ксаверовка', 10),
(1072, 'Летки', 10),
(1073, 'Липовка', 10),
(1074, 'Лука', 10),
(1075, 'Лукьяновка', 10),
(1076, 'Макаров', 10),
(1077, 'Малая Вильшанка', 10),
(1078, 'Малая Снитынка', 10),
(1079, 'Малая Супоевка', 10),
(1080, 'Мартусовка', 10),
(1081, 'Мархаловка', 10),
(1082, 'Мироновка', 10),
(1083, 'Мотыжин', 10),
(1084, 'Музычи', 10),
(1085, 'Мыла', 10),
(1086, 'Небелица', 10),
(1087, 'Недра', 10),
(1088, 'Немешаево', 10),
(1089, 'Низшая дубечня', 10),
(1090, 'Новоселки', 10),
(1091, 'Новые безрадичи', 10),
(1092, 'Новые петровцы', 10),
(1093, 'Обухов', 10),
(1094, 'Озирне', 10),
(1095, 'Паляничинцы', 10),
(1096, 'Переяслав-Хмельницкий', 10),
(1097, 'Песковка', 10),
(1098, 'Петровское', 10),
(1099, 'Петропавловская Борщаговка', 10),
(1100, 'Петрушки', 10),
(1101, 'Пилиповка', 10),
(1102, 'Пилипча', 10),
(1103, 'Плесецкое', 10),
(1104, 'Погребы', 10),
(1105, 'Подгорцы', 10),
(1106, 'Полесское', 10),
(1107, 'Пологи-вергуны', 10),
(1108, 'Пролиски', 10),
(1109, 'Процев', 10),
(1110, 'Пустоваровка', 10),
(1111, 'Пуховка', 10),
(1112, 'Ракитное', 10),
(1113, 'Ржищев', 10),
(1114, 'Рогозов', 10),
(1115, 'Рожны', 10),
(1116, 'Росава', 10),
(1117, 'Роскошная', 10),
(1118, 'Рославичи', 10),
(1119, 'Саливонки', 10),
(1120, 'Самгородок', 10),
(1121, 'Свитанок', 10),
(1122, 'Семиполки', 10),
(1123, 'Сеньковка', 10),
(1124, 'Синяк', 10),
(1125, 'Ситняки', 10),
(1126, 'Сквира', 10),
(1127, 'Славутич', 10),
(1128, 'Софиевская Борщаговка', 10),
(1129, 'Ставище', 10),
(1130, 'Стайки', 10),
(1131, 'Старое', 10),
(1132, 'Старые петровцы', 10),
(1133, 'Стоянка', 10),
(1134, 'Тарасовка', 10),
(1135, 'Тараща', 10),
(1136, 'Терезино', 10),
(1137, 'Тетиев', 10),
(1138, 'Требухов', 10),
(1139, 'Узин', 10),
(1140, 'Украинка', 10),
(1141, 'Устимовка', 10),
(1142, 'Фастов', 10),
(1143, 'Фесюри', 10),
(1144, 'Фурсы', 10),
(1145, 'Ходосовка', 10),
(1146, 'Хотов', 10),
(1147, 'Чабаны', 10),
(1148, 'Червоная слобода', 10),
(1149, 'Чернобыль', 10),
(1150, 'Черногородка', 10),
(1151, 'Чубинское', 10),
(1152, 'Шамраевка', 10),
(1153, 'Шибене', 10),
(1154, 'Шкаровка', 10),
(1155, 'Щасливое', 10),
(1156, 'Юрковка', 10),
(1157, 'Юровка с.', 10),
(1158, 'Яготин', 10),
(1159, 'Ясногородка', 10),
(1160, 'Киев', 10),
(1161, 'Аджамка', 11),
(1162, 'Александрия', 11),
(1163, 'Александровка', 11),
(1164, 'Бережинка', 11),
(1165, 'Бобринец', 11),
(1166, 'Богдановка', 11),
(1167, 'Большая Виска', 11),
(1168, 'Великая северинка', 11),
(1169, 'Вельшанка', 11),
(1170, 'Верблюжка', 11),
(1171, 'Веремеевка', 11),
(1172, 'Витязевка', 11),
(1173, 'Владимировка', 11),
(1174, 'Власовка', 11),
(1175, 'Войновка', 11),
(1176, 'Гайворон', 11),
(1177, 'Голованевск', 11),
(1178, 'Головковка', 11),
(1179, 'Горный', 11),
(1180, 'Гостинное', 11),
(1181, 'Грушка', 11),
(1182, 'Девичье поле', 11),
(1183, 'Дериевка', 11),
(1184, 'Димитрово', 11),
(1185, 'Добровеличковка', 11),
(1186, 'Долинская', 11),
(1187, 'Елизаветградка', 11),
(1188, 'Завалье', 11),
(1189, 'Знаменка', 11),
(1190, 'Золотаревка', 11),
(1191, 'Ивано-Благодатное', 11),
(1192, 'Калантаев', 11),
(1193, 'Калмазово', 11),
(1194, 'Камбурлиевка', 11),
(1195, 'Каменный мост', 11),
(1196, 'Капитановка', 11),
(1197, 'Катериновка', 11),
(1198, 'Кировоград', 11),
(1199, 'Клинцы', 11),
(1200, 'Компанеевка', 11),
(1201, 'Константиновка', 11),
(1202, 'Косовка', 11),
(1203, 'Красноселка', 11),
(1204, 'Лекаревка', 11),
(1205, 'Липняжка', 11),
(1206, 'Листопадово', 11),
(1207, 'Малая Виска', 11),
(1208, 'Межиричка', 11),
(1209, 'Михайловка', 11),
(1210, 'Молодежное', 11),
(1211, 'Неопалимовка', 11),
(1212, 'Новая прага', 11),
(1213, 'Новгородка', 11),
(1214, 'Новоалександровка', 11),
(1215, 'Новоархангельск', 11),
(1216, 'Новое', 11),
(1217, 'Новомиргород', 11),
(1218, 'Новоолександровка', 11),
(1219, 'Новоукраинка', 11),
(1220, 'Обозновка', 11),
(1221, 'Одая', 11),
(1222, 'Ольшанка', 11),
(1223, 'Оникеево', 11),
(1224, 'Онуфриевка', 11),
(1225, 'Павловка', 11),
(1226, 'Павлыш', 11),
(1227, 'Первозвановка', 11),
(1228, 'Перегоновка', 11),
(1229, 'Петрово', 11),
(1230, 'Плетеный ташлык', 11),
(1231, 'Побугское', 11),
(1232, 'Подгайцы', 11),
(1233, 'Помошная', 11),
(1234, 'Приютовка', 11),
(1235, 'Протопоповка', 11),
(1236, 'Ровное', 11),
(1237, 'Роскошное', 11),
(1238, 'Сальково', 11),
(1239, 'Светловодск', 11),
(1240, 'Смолино', 11),
(1241, 'Созоновка', 11),
(1242, 'Соколовское', 11),
(1243, 'Субботцы', 11),
(1244, 'Счастливое', 11),
(1245, 'Треповка', 11),
(1246, 'Ульяновка', 11),
(1247, 'Устиновка', 11),
(1248, 'Хащеватое', 11),
(1249, 'Ходоров', 11),
(1250, 'Цибулево', 11),
(1251, 'Червоная каменка', 11),
(1252, 'Червоный кут', 11),
(1253, 'Черняховка', 11),
(1254, 'Шестаковка', 11),
(1255, 'Александровка', 12),
(1256, 'Александровск', 12),
(1257, 'Алмазная', 12),
(1258, 'Алчевск', 12),
(1259, 'Антрацит', 12),
(1260, 'Артемовск', 12),
(1261, 'Байрачки', 12),
(1262, 'Беловодск', 12),
(1263, 'Белое', 12),
(1264, 'Белокуракино', 12),
(1265, 'Белореченский', 12),
(1266, 'Бобриково', 12),
(1267, 'Боброво', 12),
(1268, 'Боровеньки', 12),
(1269, 'Боровское', 12),
(1270, 'Брянка', 12),
(1271, 'Валуйское', 12),
(1272, 'Вахрушево', 12),
(1273, 'Великоцк', 12),
(1274, 'Вергулевка', 12),
(1275, 'Вишневое', 12),
(1276, 'Войтово', 12),
(1277, 'Володарск', 12),
(1278, 'Глубокий', 12),
(1279, 'Горское', 12),
(1280, 'Дзержинский', 12),
(1281, 'Дзержинское', 12),
(1282, 'Дубовский', 12),
(1283, 'Есауловка', 12),
(1284, 'Зимогорье', 12),
(1285, 'Золотое', 12),
(1286, 'Зоринск', 12),
(1287, 'Ивановка', 12),
(1288, 'Карпаты', 12),
(1289, 'Кировск', 12),
(1290, 'Кленовый', 12),
(1291, 'Комиссаровка', 12),
(1292, 'Краснодон', 12),
(1293, 'Краснолучский', 12),
(1294, 'Краснореченское', 12),
(1295, 'Красный Луч', 12),
(1296, 'Кременная', 12),
(1297, 'Крепенский', 12),
(1298, 'Лесная дача', 12),
(1299, 'Лесное', 12),
(1300, 'Лисичанск', 12),
(1301, 'Лозовский', 12),
(1302, 'Луганск', 12),
(1303, 'Лутугино', 12),
(1304, 'Марковка', 12),
(1305, 'Меловое', 12),
(1306, 'Миусинск', 12),
(1307, 'Молодогвардейск', 12),
(1308, 'Муратово', 12),
(1309, 'Нещеретово', 12),
(1310, 'Нижний нагольчик', 12),
(1311, 'Новоайдар', 12),
(1312, 'Новодарьевка', 12),
(1313, 'Новодружеск', 12),
(1314, 'Новопсков', 12),
(1315, 'Ольховое', 12),
(1316, 'Орджоникидзе', 12),
(1317, 'Ореховка', 12),
(1318, 'Первомайск', 12),
(1319, 'Перевальск', 12),
(1320, 'Петровка', 12),
(1321, 'Петровское', 12),
(1322, 'Покровское', 12),
(1323, 'Половинкино', 12),
(1324, 'Попасная', 12),
(1325, 'Приволье', 12),
(1326, 'Пролетарский', 12),
(1327, 'Рафайловка', 12),
(1328, 'Ровеньки', 12),
(1329, 'Родаково', 12),
(1330, 'Рубежное', 12),
(1331, 'Самсоновка', 12),
(1332, 'Сватово', 12),
(1333, 'Свердловск', 12),
(1334, 'Северодонецк', 12),
(1335, 'Семейкино', 12),
(1336, 'Славяносербск', 12),
(1337, 'Софиевский', 12),
(1338, 'Станично-Луганское', 12),
(1339, 'Старобельск', 12),
(1340, 'Стаханов', 12),
(1341, 'Суходольск', 12),
(1342, 'Счастье', 12),
(1343, 'Теплогорск', 12),
(1344, 'Тошковка', 12),
(1345, 'Троицкое', 12),
(1346, 'Успенка', 12),
(1347, 'Фащевка', 12),
(1348, 'Фрунзе', 12),
(1349, 'Хрящеватое', 12),
(1350, 'Червонопартизанск', 12),
(1351, 'Чмыровка', 12),
(1352, 'Шахтерское', 12),
(1353, 'Юбилейное', 12),
(1354, 'Южная ломоватка', 12),
(1355, 'Юрьевка', 12),
(1356, 'Ясеновский', 12),
(1357, 'Баня лысовицкая', 13),
(1358, 'Басовка', 13),
(1359, 'Белз', 13),
(1360, 'Березина', 13),
(1361, 'Бисковичи', 13),
(1362, 'Бобрка', 13),
(1363, 'Борислав', 13),
(1364, 'Борки', 13),
(1365, 'Броды', 13),
(1366, 'Брюховичи', 13),
(1367, 'Буск', 13),
(1368, 'Бучалы', 13),
(1369, 'Ваньковичи', 13),
(1370, 'Великая горожанка', 13),
(1371, 'Великие Глебовичи', 13),
(1372, 'Великие Мосты', 13),
(1373, 'Великий Любень', 13),
(1374, 'Великое колодно', 13),
(1375, 'Великоселки', 13),
(1376, 'Верхнее синевидное', 13),
(1377, 'Винники', 13),
(1378, 'Воля-бартатовская', 13),
(1379, 'Воля-высоцкая', 13),
(1380, 'Вороняки', 13),
(1381, 'Вузлове', 13),
(1382, 'Выбрановка', 13),
(1383, 'Глиняны', 13),
(1384, 'Горишний', 13),
(1385, 'Горное', 13),
(1386, 'Горняк', 13),
(1387, 'Городок', 13),
(1388, 'Гостинцово', 13),
(1389, 'Грабовец', 13),
(1390, 'Гребенов', 13),
(1391, 'Гряда', 13),
(1392, 'Давыдов', 13),
(1393, 'Дашава', 13),
(1394, 'Добромиль', 13),
(1395, 'Добротвор', 13),
(1396, 'Добряны', 13),
(1397, 'Дрогобыч', 13),
(1398, 'Дубина', 13),
(1399, 'Дубляны', 13),
(1400, 'Дулибы', 13),
(1401, 'Жвирка', 13),
(1402, 'Жидачев', 13),
(1403, 'Жолква', 13),
(1404, 'Жулин', 13),
(1405, 'Загорное', 13),
(1406, 'Запытов', 13),
(1407, 'Зелив', 13),
(1408, 'Зимняя Вода', 13),
(1409, 'Золочев', 13),
(1410, 'Зоротовичи', 13),
(1411, 'Зубра', 13),
(1412, 'Ивано-Франково', 13),
(1413, 'Калинов', 13),
(1414, 'Каменка-Бугская', 13),
(1415, 'Керница', 13),
(1416, 'Комарно', 13),
(1417, 'Конопница', 13),
(1418, 'Корничи', 13),
(1419, 'Коропуж', 13),
(1420, 'Коростов', 13),
(1421, 'Корчев', 13),
(1422, 'Краковец', 13),
(1423, 'Красное', 13),
(1424, 'Куликов', 13),
(1425, 'Куровичи', 13),
(1426, 'Лапаевка', 13),
(1427, 'Лешня', 13),
(1428, 'Лисиничи', 13),
(1429, 'Лопатин', 13),
(1430, 'Луки', 13),
(1431, 'Львов', 13),
(1432, 'Любинцы', 13),
(1433, 'Любша', 13),
(1434, 'Мавковичи', 13),
(1435, 'Малехов', 13),
(1436, 'Малые Подлески', 13),
(1437, 'Мальчицы', 13),
(1438, 'Мервичи', 13),
(1439, 'Миклашев', 13),
(1440, 'Моршин', 13),
(1441, 'Мостиска', 13),
(1442, 'Мурованое', 13),
(1443, 'Навария', 13),
(1444, 'Нагорное', 13),
(1445, 'Надыбы', 13),
(1446, 'Надычи', 13),
(1447, 'Немиров', 13),
(1448, 'Нижняя яблонька', 13),
(1449, 'Николаев', 13),
(1450, 'Новояворовск', 13),
(1451, 'Новый Роздол', 13),
(1452, 'Новый ярычев', 13),
(1453, 'Оброшино', 13),
(1454, 'Олесько', 13),
(1455, 'Опоры', 13),
(1456, 'Остров', 13),
(1457, 'Павлов', 13),
(1458, 'Перемышляны', 13),
(1459, 'Пидбирцы', 13),
(1460, 'Повитное', 13),
(1461, 'Подберезцы', 13),
(1462, 'Подбуж', 13),
(1463, 'Подгородное', 13),
(1464, 'Подкамень', 13),
(1465, 'Подорожное', 13),
(1466, 'Прибужаны', 13),
(1467, 'Пукеничи', 13),
(1468, 'Пустомыты', 13),
(1469, 'Рава-Русская', 13),
(1470, 'Радехов', 13),
(1471, 'Розвадов', 13),
(1472, 'Розгирче', 13),
(1473, 'Роздол', 13),
(1474, 'Росохач', 13),
(1475, 'Рудки', 13),
(1476, 'Рудно', 13),
(1477, 'Рыхтичи', 13),
(1478, 'Самбор', 13),
(1479, 'Семеновка', 13),
(1480, 'Сколе', 13),
(1481, 'Славское', 13),
(1482, 'Слободка', 13),
(1483, 'Сокаль', 13),
(1484, 'Сокольники', 13),
(1485, 'Солонка', 13),
(1486, 'Сосновка', 13),
(1487, 'Старое село', 13),
(1488, 'Старый Самбор', 13),
(1489, 'Старый ярычев', 13),
(1490, 'Стебник', 13),
(1491, 'Сторонибабы', 13),
(1492, 'Страдч', 13),
(1493, 'Страшевичи', 13),
(1494, 'Стрый', 13),
(1495, 'Судовая вишня', 13),
(1496, 'Сходница', 13),
(1497, 'Тростянец', 13),
(1498, 'Трускавец', 13),
(1499, 'Турка', 13),
(1500, 'Угнев', 13),
(1501, 'Хирев', 13),
(1502, 'Хишевичи', 13),
(1503, 'Ходовичи', 13),
(1504, 'Ходоров', 13),
(1505, 'Холодноводка', 13),
(1506, 'Червоноград', 13),
(1507, 'Черляны', 13),
(1508, 'Чуква', 13),
(1509, 'Шабельня', 13),
(1510, 'Шкло', 13),
(1511, 'Щирец', 13),
(1512, 'Яворов', 13),
(1513, 'Ямполь', 13),
(1514, 'Ясеновцы', 13),
(1515, 'Агрономия', 14),
(1516, 'Арбузинка', 14),
(1517, 'Баловное', 14),
(1518, 'Бандурка', 14),
(1519, 'Бармашово', 14),
(1520, 'Баштанка', 14),
(1521, 'Березанка', 14),
(1522, 'Березнеговатое', 14),
(1523, 'Братское', 14),
(1524, 'Бугское', 14),
(1525, 'Веселиново', 14),
(1526, 'Весняное', 14),
(1527, 'Вознесенск', 14),
(1528, 'Воскресенск', 14),
(1529, 'Врадиевка', 14),
(1530, 'Гороховка', 14),
(1531, 'Доманевка', 14),
(1532, 'Еланец', 14),
(1533, 'Кавуны', 14),
(1534, 'Казанка', 14),
(1535, 'Каменный Мост', 14),
(1536, 'Коблево', 14),
(1537, 'Коларовка', 14),
(1538, 'Константиновка', 14),
(1539, 'Красное', 14),
(1540, 'Кривое Озеро', 14),
(1541, 'Кумари', 14),
(1542, 'Лиманы', 14),
(1543, 'Луч', 14),
(1544, 'Матиясово', 14),
(1545, 'Мешково-погорелово', 14),
(1546, 'Михайловка', 14),
(1547, 'Мостовое', 14),
(1548, 'Николаев', 14),
(1549, 'Николаевка', 14),
(1550, 'Николаевское', 14),
(1551, 'Новая Одесса', 14),
(1552, 'Новопетровское', 14),
(1553, 'Новоукраинка', 14),
(1554, 'Новый Буг', 14),
(1555, 'Ольшанское', 14),
(1556, 'Очаков', 14),
(1557, 'Первомайск', 14),
(1558, 'Пересадовка', 14),
(1559, 'Першотравневое', 14),
(1560, 'Петровка', 14),
(1561, 'Подгородная', 14),
(1562, 'Прибугское', 14),
(1563, 'Прибужье', 14),
(1564, 'Ровное', 14),
(1565, 'Рыбаковка', 14),
(1566, 'с. Воссиятское', 14),
(1567, 'Сливино', 14),
(1568, 'Снигиревка', 14),
(1569, 'Шевченково', 14),
(1570, 'Южноукраинск', 14),
(1571, 'Авангард', 15),
(1572, 'Александровка', 15),
(1573, 'Ананьев', 15),
(1574, 'Арциз', 15),
(1575, 'Балта', 15),
(1576, 'Белгород-Днестровский', 15),
(1577, 'Белино', 15),
(1578, 'Беляевка', 15),
(1579, 'Березино', 15),
(1580, 'Березовка', 15),
(1581, 'Болград', 15),
(1582, 'Борщи', 15),
(1583, 'Бритовка', 15),
(1584, 'Бурлача балка', 15),
(1585, 'Великая Михайловка', 15),
(1586, 'Великодолинское', 15),
(1587, 'Визирка', 15),
(1588, 'Вилково', 15),
(1589, 'Выгода', 15),
(1590, 'Григоровка', 15),
(1591, 'Дзинилор', 15),
(1592, 'Еремеевка', 15),
(1593, 'Жеребково', 15),
(1594, 'Загнитков', 15),
(1595, 'Затишье', 15),
(1596, 'Затока', 15),
(1597, 'Ивановка', 15),
(1598, 'Измаил', 15),
(1599, 'Ильичевка', 15),
(1600, 'Ильичевск', 15),
(1601, 'Исаево', 15),
(1602, 'Каролино-бугаз', 15),
(1603, 'Килия', 15),
(1604, 'Кирнички', 15),
(1605, 'Кодыма', 15),
(1606, 'Коминтерновское', 15),
(1607, 'Котовка', 15),
(1608, 'Котовск', 15),
(1609, 'Красноселка', 15),
(1610, 'Красные Окны', 15),
(1611, 'Кремидовка', 15),
(1612, 'Криничное', 15),
(1613, 'Крыжановка', 15),
(1614, 'Ланна', 15),
(1615, 'Ларжанка', 15),
(1616, 'Лиманское', 15),
(1617, 'Любашевка', 15),
(1618, 'Малодолинское', 15),
(1619, 'Маяки', 15),
(1620, 'Мизикевича', 15),
(1621, 'Молодежное', 15),
(1622, 'Нерубайское', 15),
(1623, 'Николаевка', 15),
(1624, 'Новая долина', 15),
(1625, 'Новая дофиновка', 15),
(1626, 'Новая некрасовка', 15),
(1627, 'Новоборисовка', 15),
(1628, 'Новые беляры', 15),
(1629, 'Овидиополь', 15),
(1630, 'Одесса', 15),
(1631, 'Ониськово', 15),
(1632, 'Петровка', 15),
(1633, 'Петродолинское', 15),
(1634, 'Платоново', 15),
(1635, 'Прилиманское', 15),
(1636, 'Радостное', 15),
(1637, 'Раздельная', 15),
(1638, 'Рени', 15),
(1639, 'Саврань', 15),
(1640, 'Салганы', 15),
(1641, 'Сарата', 15),
(1642, 'Сафьяны', 15),
(1643, 'Сергеевка', 15),
(1644, 'Словяносербка', 15),
(1645, 'Старая некрасовка', 15),
(1646, 'Суворово', 15),
(1647, 'Сычавка', 15),
(1648, 'Табаки', 15),
(1649, 'Таирово', 15),
(1650, 'Тарутино', 15),
(1651, 'Татарбунары', 15),
(1652, 'Теплодар', 15),
(1653, 'Усатово', 15),
(1654, 'Фонтанка', 15),
(1655, 'Фрунзовка', 15),
(1656, 'Хлебодарское', 15),
(1657, 'Холодная балка', 15),
(1658, 'Червоноармейское', 15),
(1659, 'Черноморское', 15),
(1660, 'Шабо', 15),
(1661, 'Шевченково', 15),
(1662, 'Ширяево', 15),
(1663, 'Южный', 15),
(1664, 'Абазовка', 16),
(1665, 'Артемовка', 16),
(1666, 'Белики', 16),
(1667, 'Биологичное', 16),
(1668, 'Божковское', 16),
(1669, 'Борки', 16),
(1670, 'Бутенки', 16),
(1671, 'Великая Багачка', 16),
(1672, 'Великая круча', 16),
(1673, 'Великие крынки', 16),
(1674, 'Верхняя Мануйловка', 16),
(1675, 'Гадяч', 16),
(1676, 'Галяво', 16),
(1677, 'Глобино', 16),
(1678, 'Гоголево', 16),
(1679, 'Гожулы', 16),
(1680, 'Горбаневка', 16),
(1681, 'Градижск', 16),
(1682, 'Гребенка', 16),
(1683, 'Дашковка', 16),
(1684, 'Диканька', 16),
(1685, 'Жовтневое', 16),
(1686, 'Зализничное', 16),
(1687, 'Засулье', 16),
(1688, 'Зеньков', 16),
(1689, 'Калайдинцы', 16),
(1690, 'Камышня', 16),
(1691, 'Карловка', 16),
(1692, 'Кобеляки', 16),
(1693, 'Ковалевка', 16),
(1694, 'Козельщина', 16),
(1695, 'Комсомольск', 16),
(1696, 'Копылы', 16),
(1697, 'Котельва', 16),
(1698, 'Кременчуг', 16),
(1699, 'Кротенки', 16),
(1700, 'Лазорки', 16),
(1701, 'Ланна', 16),
(1702, 'Лелюховка', 16),
(1703, 'Лохвица', 16),
(1704, 'Лубны', 16),
(1705, 'Лутовиновка', 16),
(1706, 'Марьяновка', 16),
(1707, 'Машевка', 16),
(1708, 'Миргород', 16),
(1709, 'Млыны', 16),
(1710, 'Нехвороща', 16),
(1711, 'Новая Галещина', 16),
(1712, 'Новоаврамовка', 16),
(1713, 'Новоореховка', 16),
(1714, 'Новооржицкое', 16),
(1715, 'Новые Санжары', 16),
(1716, 'Озера', 16),
(1717, 'Онишки', 16),
(1718, 'Опошня', 16),
(1719, 'Ореховка', 16),
(1720, 'Оржица', 16),
(1721, 'Пески', 16),
(1722, 'Песчаное', 16),
(1723, 'Петровка-роменская', 16),
(1724, 'Пирятин', 16),
(1725, 'Покровская богачка', 16),
(1726, 'Полтава', 16),
(1727, 'Поповка', 16),
(1728, 'Потоки', 16),
(1729, 'Пришиб', 16),
(1730, 'Радянское', 16),
(1731, 'Ракитное', 16),
(1732, 'Рассошенцы', 16),
(1733, 'Решетиловка', 16),
(1734, 'Светлогорское', 16),
(1735, 'Святиловка', 16),
(1736, 'Селещина', 16),
(1737, 'Семеновка', 16),
(1738, 'Терешки', 16),
(1739, 'Устивица', 16),
(1740, 'Халтурино', 16),
(1741, 'Хорол', 16),
(1742, 'Червонозаводское', 16),
(1743, 'Чернухи', 16),
(1744, 'Чечелево', 16),
(1745, 'Чутово', 16),
(1746, 'Шишаки', 16),
(1747, 'Шкурупиевка', 16),
(1748, 'Щербани', 16),
(1749, 'Яреськи', 16),
(1750, 'Антоновка', 17),
(1751, 'Антополь', 17),
(1752, 'Бабин', 17),
(1753, 'Базальтовое', 17),
(1754, 'Белая криница', 17),
(1755, 'Березно', 17),
(1756, 'Берестовец', 17),
(1757, 'Большой Олексин', 17),
(1758, 'Бугаевка', 17),
(1759, 'Бугрин', 17),
(1760, 'Быстричи', 17),
(1761, 'Варковичи', 17),
(1762, 'Великая омеляна', 17),
(1763, 'Великий алексин', 17),
(1764, 'Великий житин', 17),
(1765, 'Вересневое', 17),
(1766, 'Верхов', 17),
(1767, 'Владимирец', 17),
(1768, 'Высоцк', 17),
(1769, 'Городок', 17),
(1770, 'Гоща', 17),
(1771, 'Гранитное', 17),
(1772, 'Демидовка', 17),
(1773, 'Деражное', 17),
(1774, 'Дубно', 17),
(1775, 'Дубровица', 17),
(1776, 'Дубы', 17),
(1777, 'Жовтневое', 17),
(1778, 'Заречное', 17),
(1779, 'Заря', 17),
(1780, 'Здолбунов', 17),
(1781, 'Зирне', 17),
(1782, 'Иванчи', 17),
(1783, 'Квасилов', 17),
(1784, 'Клевань', 17),
(1785, 'Клесов', 17),
(1786, 'Козин', 17),
(1787, 'Колоденка', 17),
(1788, 'Константиновка', 17),
(1789, 'Корец', 17),
(1790, 'Корнин', 17),
(1791, 'Корысть', 17),
(1792, 'Костополь', 17),
(1793, 'Котов', 17),
(1794, 'Кузнецовск', 17),
(1795, 'Кустин', 17),
(1796, 'Малый шпаков', 17),
(1797, 'Мизоч', 17),
(1798, 'Млинов', 17),
(1799, 'Могиляны', 17),
(1800, 'Моквин', 17),
(1801, 'Мутвица', 17),
(1802, 'Новая Любомирка', 17),
(1803, 'Новомалин', 17),
(1804, 'Новый корец', 17),
(1805, 'Обаров', 17),
(1806, 'Оженин', 17),
(1807, 'Орвяница', 17),
(1808, 'Оржев', 17),
(1809, 'Остки', 17),
(1810, 'Острог', 17),
(1811, 'Острожец', 17),
(1812, 'Радывылив', 17),
(1813, 'Радыжево', 17),
(1814, 'Рафаловка', 17),
(1815, 'Рачин', 17),
(1816, 'Ровно', 17),
(1817, 'Рокитное', 17),
(1818, 'Сарны', 17),
(1819, 'Селище', 17),
(1820, 'Смыга', 17),
(1821, 'Солонив', 17),
(1822, 'Сосновое', 17),
(1823, 'Степань', 17),
(1824, 'Тараканов', 17),
(1825, 'Томашгород', 17),
(1826, 'Удрицк', 17),
(1827, 'Хиночи', 17),
(1828, 'Шпанов', 17),
(1829, 'Шубков', 17),
(1830, 'Ясногорка', 17),
(1831, 'Алтыновка', 18),
(1832, 'Андрияшивка', 18),
(1833, 'Ахтырка', 18),
(1834, 'Баничи', 18),
(1835, 'Беловоды', 18),
(1836, 'Белополье', 18),
(1837, 'Береза', 18),
(1838, 'Богдановка', 18),
(1839, 'Боромля', 18),
(1840, 'Будивельное', 18),
(1841, 'Будилка', 18),
(1842, 'Буймеровка', 18),
(1843, 'Бурынь', 18),
(1844, 'Великая Писаревка', 18),
(1845, 'Великая чернеччина', 18),
(1846, 'Великие вильмы', 18),
(1847, 'Верхняя сыроватка', 18),
(1848, 'Ворожба', 18),
(1849, 'Воронеж', 18),
(1850, 'Вязовое', 18),
(1851, 'Герасимовка', 18),
(1852, 'Глухов', 18),
(1853, 'Грязное', 18),
(1854, 'Дружба', 18),
(1855, 'Дубовязовка', 18),
(1856, 'Жовтневое', 18),
(1857, 'Зеленый гай', 18),
(1858, 'Кириковка', 18),
(1859, 'Кияница', 18),
(1860, 'Конотоп', 18),
(1861, 'Краснополье', 18),
(1862, 'Кролевец', 18),
(1863, 'Куяновка', 18),
(1864, 'Лебедин', 18),
(1865, 'Липовая Долина', 18),
(1866, 'Малая павловка', 18),
(1867, 'Межирич', 18),
(1868, 'Мезеновка', 18),
(1869, 'Мироновка', 18),
(1870, 'Михайловское', 18),
(1871, 'Недригайлов', 18),
(1872, 'Низы', 18),
(1873, 'Ольшана', 18),
(1874, 'Перекрестовка', 18),
(1875, 'Пироговка', 18),
(1876, 'Плавинище', 18),
(1877, 'Пологи', 18),
(1878, 'Поповка', 18),
(1879, 'Путивль', 18),
(1880, 'Ромны', 18),
(1881, 'Руднево', 18),
(1882, 'Сад', 18),
(1883, 'Самотоевка', 18),
(1884, 'Свесса', 18),
(1885, 'Середина-Буда', 18),
(1886, 'Слобода', 18),
(1887, 'Смелое', 18),
(1888, 'Собич', 18),
(1889, 'Солнечное', 18),
(1890, 'Старая ивановка', 18),
(1891, 'Степановка', 18),
(1892, 'Стецковка', 18),
(1893, 'Сумы', 18),
(1894, 'Терны', 18),
(1895, 'Томашовка', 18),
(1896, 'Тростянец', 18),
(1897, 'Угроеды', 18),
(1898, 'Хотень', 18),
(1899, 'Червоное', 18),
(1900, 'Чупаховка', 18),
(1901, 'Шалыгино', 18),
(1902, 'Шатрище', 18),
(1903, 'Шостка', 18),
(1904, 'Ямполь', 18),
(1905, 'Байковцы', 19),
(1906, 'Белая', 19),
(1907, 'Белобожница', 19),
(1908, 'Белокриница', 19),
(1909, 'Бережаны', 19),
(1910, 'Боков', 19),
(1911, 'Борщев', 19),
(1912, 'Буданов', 19),
(1913, 'Бучач', 19),
(1914, 'Варваринцы', 19),
(1915, 'Великая Березовица', 19),
(1916, 'Великие Борки', 19),
(1917, 'Великие гаи', 19),
(1918, 'Великие Дедеркалы', 19),
(1919, 'Великий Глубочек', 19),
(1920, 'Вишневец', 19),
(1921, 'Гнилички', 19),
(1922, 'Гримайлов', 19),
(1923, 'Гусятин', 19),
(1924, 'Должанка', 19),
(1925, 'Домаморич', 19),
(1926, 'Дружба', 19),
(1927, 'Заводское', 19),
(1928, 'Залещики', 19),
(1929, 'Зализцы', 19),
(1930, 'Застеночное', 19),
(1931, 'Збараж', 19),
(1932, 'Зборов', 19),
(1933, 'Золотники', 19),
(1934, 'Золотой Поток', 19),
(1935, 'Иване-пусте', 19),
(1936, 'Козлов', 19),
(1937, 'Козова', 19),
(1938, 'Копычинцы', 19),
(1939, 'Коржова', 19),
(1940, 'Коропец', 19),
(1941, 'Косов', 19),
(1942, 'Кременец', 19),
(1943, 'Лановцы', 19),
(1944, 'Малые Бережцы', 19),
(1945, 'Мельница-Подольская', 19),
(1946, 'Микулинцы', 19),
(1947, 'Млиновцы', 19),
(1948, 'Монастыриска', 19),
(1949, 'Нагорянка', 19),
(1950, 'Надречное', 19),
(1951, 'Новое Село', 19),
(1952, 'Новоселка', 19),
(1953, 'Озеряны', 19),
(1954, 'Остров', 19),
(1955, 'Петриков', 19),
(1956, 'Плотыча', 19),
(1957, 'Подволочиск', 19),
(1958, 'Подвысокое', 19),
(1959, 'Подгайцы', 19),
(1960, 'Подгородное', 19),
(1961, 'Почаев', 19),
(1962, 'Почапинцы', 19),
(1963, 'Пробежная', 19),
(1964, 'Пышковцы', 19),
(1965, 'Рогачин', 19),
(1966, 'Саранчуки', 19),
(1967, 'Скала-Подольская', 19),
(1968, 'Скалат', 19),
(1969, 'Слободка', 19),
(1970, 'Смыковцы', 19),
(1971, 'Струсов', 19),
(1972, 'Ступки', 19),
(1973, 'Теребовля', 19),
(1974, 'Тернополь', 19),
(1975, 'Толстое', 19),
(1976, 'Толстолуг', 19),
(1977, 'Торское', 19),
(1978, 'Хоростков', 19),
(1979, 'Чортков', 19),
(1980, 'Шляхтинцы', 19),
(1981, 'Шумск', 19),
(1982, 'Александровка', 20),
(1983, 'Бабаи', 20),
(1984, 'Балаклея', 20),
(1985, 'Барвенково', 20),
(1986, 'Безлюдовка', 20),
(1987, 'Белый колодезь', 20),
(1988, 'Березовка', 20),
(1989, 'Берека', 20),
(1990, 'Бирки', 20),
(1991, 'Близнюки', 20),
(1992, 'Богодухов', 20),
(1993, 'Боровая', 20),
(1994, 'Буды', 20),
(1995, 'Валки', 20),
(1996, 'Васищево', 20),
(1997, 'Ватутино', 20),
(1998, 'Введенка', 20),
(1999, 'Великие проходы', 20),
(2000, 'Великий Бурлук', 20),
(2001, 'Владимировка', 20),
(2002, 'Волчанск', 20),
(2003, 'Высокий', 20),
(2004, 'Гонтов яр', 20),
(2005, 'Гуты', 20),
(2006, 'Дачное', 20),
(2007, 'Двуречная', 20),
(2008, 'Дергачи', 20),
(2009, 'Зачепиловка', 20),
(2010, 'Зидьки', 20),
(2011, 'Змиев', 20),
(2012, 'Золочев', 20),
(2013, 'Изюм', 20),
(2014, 'Казачья Лопань', 20),
(2015, 'Капитоловка', 20),
(2016, 'Кегичевка', 20),
(2017, 'Кисели', 20),
(2018, 'Ковшаровка', 20),
(2019, 'Ковяги', 20),
(2020, 'Коломак', 20),
(2021, 'Коммунар', 20),
(2022, 'Комсомольский', 20),
(2023, 'Комсомольское', 20),
(2024, 'Константиновка', 20),
(2025, 'Коробочкино', 20),
(2026, 'Коротыч', 20),
(2027, 'Кочеток', 20),
(2028, 'Красноград', 20),
(2029, 'Краснокутск', 20),
(2030, 'Краснопавловка', 20),
(2031, 'Кулиничи', 20),
(2032, 'Купянск', 20),
(2033, 'Куриловка', 20),
(2034, 'Лебяжье', 20),
(2035, 'Лиман', 20),
(2036, 'Липцы', 20),
(2037, 'Лозовая', 20),
(2038, 'Люботин', 20),
(2039, 'Малая Даниловка', 20),
(2040, 'Малая рогозянка', 20),
(2041, 'Малиновка', 20),
(2042, 'Манченки', 20),
(2043, 'Мартово', 20),
(2044, 'Мерефа', 20),
(2045, 'Михайловка', 20),
(2046, 'Мурафа', 20),
(2047, 'Наталино', 20),
(2048, 'Новая Водолага', 20),
(2049, 'Новоосиново', 20),
(2050, 'Новопавловка', 20),
(2051, 'Новопокровка', 20),
(2052, 'Новоселовка', 20),
(2053, 'Ольшаны', 20),
(2054, 'Орилька-1', 20),
(2055, 'Панютино', 20),
(2056, 'Пархомовка', 20),
(2057, 'Первомайский', 20),
(2058, 'Пересечная', 20),
(2059, 'Песочин', 20),
(2060, 'Печенеги', 20),
(2061, 'Пивденное', 20),
(2062, 'Подворки', 20),
(2063, 'Покотиловка', 20),
(2064, 'Полевая', 20),
(2065, 'Приколотное', 20),
(2066, 'Прудянка', 20),
(2067, 'Рогань', 20),
(2068, 'Савинцы', 20),
(2069, 'Сахновщина', 20),
(2070, 'Слатино', 20),
(2071, 'Солоницевка', 20),
(2072, 'Сосоновка', 20),
(2073, 'Староверовка', 20),
(2074, 'Старый Мерчик', 20),
(2075, 'Старый Салтов', 20),
(2076, 'Тарановка', 20),
(2077, 'Утковка', 20),
(2078, 'Харьков', 20),
(2079, 'Хорошево', 20),
(2080, 'Царедаровка', 20),
(2081, 'Циркуны', 20),
(2082, 'Чапаево', 20),
(2083, 'Червоный Донец', 20),
(2084, 'Черкасская Лозовая', 20),
(2085, 'Чкаловское', 20),
(2086, 'Чугуев', 20),
(2087, 'Шевченково', 20),
(2088, 'Шелестово', 20),
(2089, 'Шелудьковка', 20),
(2090, 'Эсхар', 20),
(2091, 'Антоновка', 21),
(2092, 'Аскания-Нова', 21),
(2093, 'Белозерка', 21),
(2094, 'Берислав', 21),
(2095, 'Борозенское', 21),
(2096, 'Брилевка', 21),
(2097, 'Великая Александровка', 21),
(2098, 'Великая кардашинка', 21),
(2099, 'Великая Лепетиха', 21),
(2100, 'Великие копаны', 21),
(2101, 'Верхние серогозы', 21),
(2102, 'Верхний Рогачик', 21),
(2103, 'Веселое', 21),
(2104, 'Высокополье', 21),
(2105, 'Гавриловка', 21),
(2106, 'Гаевое', 21),
(2107, 'Гениченская горка', 21),
(2108, 'Геническ', 21),
(2109, 'Голая Пристань', 21),
(2110, 'Горностаевка', 21),
(2111, 'Дарьевка', 21),
(2112, 'Днепряны', 21),
(2113, 'Жовтневое', 21),
(2114, 'Зализный порт', 21),
(2115, 'Ивановка', 21),
(2116, 'Казацкое', 21),
(2117, 'Казачьи лагеря', 21),
(2118, 'Каланчак', 21),
(2119, 'Калининское', 21),
(2120, 'Камышаны', 21),
(2121, 'Карьерное', 21),
(2122, 'Каховка', 21),
(2123, 'Коммуна', 21),
(2124, 'Коробки', 21),
(2125, 'Корсунка', 21),
(2126, 'Лазурное', 21),
(2127, 'Любимовка', 21),
(2128, 'Малокаховка', 21),
(2129, 'Нижние Серогозы', 21),
(2130, 'Новая збурьевка', 21),
(2131, 'Новая Каховка', 21),
(2132, 'Новая маячка', 21),
(2133, 'Новоалексеевка', 21),
(2134, 'Нововоронцовка', 21),
(2135, 'Новогригоровка', 21),
(2136, 'Новотроицкое', 21),
(2137, 'Партизаны', 21),
(2138, 'Приозерное', 21),
(2139, 'Раденск', 21),
(2140, 'Раздольное', 21),
(2141, 'Семихатка', 21),
(2142, 'Скадовск', 21),
(2143, 'Старая збурьевка ', 21),
(2144, 'Степановка', 21),
(2145, 'Счастливцево', 21),
(2146, 'Таврийск', 21),
(2147, 'Таврия', 21),
(2148, 'Фрунзе', 21),
(2149, 'Херсон', 21),
(2150, 'Цюрупинск', 21),
(2151, 'Чаплинка', 21),
(2152, 'Черноморьевка', 21),
(2153, 'Чернянка', 21),
(2154, 'Чкалово', 21),
(2155, 'Широкое', 21),
(2156, 'Щорсовка', 21),
(2157, 'Адамполь', 22),
(2158, 'Аннополь', 22),
(2159, 'Бахматовцы', 22),
(2160, 'Белогорье', 22),
(2161, 'Богдановцы', 22),
(2162, 'Буртын', 22),
(2163, 'Вербка', 22),
(2164, 'Виньковцы', 22),
(2165, 'Вишневчик', 22),
(2166, 'Войтовцы', 22),
(2167, 'Волковинцы', 22),
(2168, 'Волочиск', 22),
(2169, 'Гвардейское', 22),
(2170, 'Головчинцы', 22),
(2171, 'Городок', 22),
(2172, 'Грицев', 22),
(2173, 'Грузевица', 22),
(2174, 'Грушка', 22),
(2175, 'Гуменцы', 22),
(2176, 'Давыдковцы', 22),
(2177, 'Деражня', 22),
(2178, 'Довжок', 22),
(2179, 'Дунаевцы', 22),
(2180, 'Жванец', 22),
(2181, 'Закупное', 22),
(2182, 'Зиньков', 22),
(2183, 'Изяслав', 22),
(2184, 'Каменец-Подольский', 22),
(2185, 'Каменка', 22),
(2186, 'Клембовка', 22),
(2187, 'Климашовка', 22),
(2188, 'Княжполь', 22),
(2189, 'Копыстин', 22),
(2190, 'Корчевка', 22),
(2191, 'Красилов', 22),
(2192, 'Красноселка', 22),
(2193, 'Купин', 22),
(2194, 'Ленковцы', 22),
(2195, 'Лесовые гриневцы', 22),
(2196, 'Летичев', 22),
(2197, 'Лозовое', 22),
(2198, 'Маков', 22),
(2199, 'Малиничи', 22),
(2200, 'Масевцы', 22),
(2201, 'Мацьковцы', 22),
(2202, 'Михайлючка', 22),
(2203, 'Наркевичи', 22),
(2204, 'Нестеривци', 22),
(2205, 'Нетишин', 22),
(2206, 'Николаев', 22),
(2207, 'Новая Ушица', 22),
(2208, 'Новый кривин', 22),
(2209, 'Олешин', 22),
(2210, 'Петровское', 22),
(2211, 'Погорельцы', 22),
(2212, 'Полонное', 22),
(2213, 'Полянь', 22),
(2214, 'Понинка', 22),
(2215, 'Романины', 22),
(2216, 'Россоша', 22),
(2217, 'Рудня-новенькая', 22),
(2218, 'Русановцы', 22),
(2219, 'Сатанив', 22),
(2220, 'Сахкамень', 22),
(2221, 'Славута', 22),
(2222, 'Слободка-гуменецкая', 22),
(2223, 'Слободка-рыхтивская', 22),
(2224, 'Смотрич', 22),
(2225, 'Старая Синява', 22),
(2226, 'Староконстантинов', 22),
(2227, 'Старый кривин', 22),
(2228, 'Стриганы', 22),
(2229, 'Струга', 22),
(2230, 'Стуфчинцы', 22),
(2231, 'Судилков', 22),
(2232, 'Теофиполь', 22),
(2233, 'Улашановка', 22),
(2234, 'Хмельницкий', 22),
(2235, 'Чемеровцы', 22),
(2236, 'Червоная Зирка', 22),
(2237, 'Черный остров', 22),
(2238, 'Шаровечка', 22),
(2239, 'Шепетовка', 22),
(2240, 'Юркивцы с.', 22),
(2241, 'Ямполь', 22),
(2242, 'Ярмолинцы', 22),
(2243, 'Бабанка', 23),
(2244, 'Байбузы', 23),
(2245, 'Балаклея', 23),
(2246, 'Белозорье', 23),
(2247, 'Будище', 23),
(2248, 'Будки', 23),
(2249, 'Бужанка', 23),
(2250, 'Бузуков', 23),
(2251, 'Валява', 23),
(2252, 'Васильков', 23),
(2253, 'Ватутино', 23),
(2254, 'Великая яблоновка', 23),
(2255, 'Вербовец', 23),
(2256, 'Вергуны', 23),
(2257, 'Верхнячка', 23),
(2258, 'Вильховец', 23),
(2259, 'Вознесенское', 23),
(2260, 'Гарбузин', 23),
(2261, 'Гельмязов', 23),
(2262, 'Геронимовка', 23),
(2263, 'Городище', 23),
(2264, 'Дашуковка', 23),
(2265, 'Деньги', 23),
(2266, 'Дзензеловка', 23),
(2267, 'Драбов', 23),
(2268, 'Драбово-барятинское', 23),
(2269, 'Дубиевка', 23),
(2270, 'Ерки', 23),
(2271, 'Жашков', 23),
(2272, 'Звенигородка', 23),
(2273, 'Золотоноша', 23),
(2274, 'Иваньки', 23),
(2275, 'Ирдынь', 23);
INSERT INTO `locality` (`id`, `name`, `city_id`) VALUES
(2276, 'Ирклиев', 23),
(2277, 'Каменка', 23),
(2278, 'Канев', 23),
(2279, 'Катеринополь', 23),
(2280, 'Киселевка', 23),
(2281, 'Колодистое', 23),
(2282, 'Коминтерн', 23),
(2283, 'Кононовка', 23),
(2284, 'Корсунь-Шевченковский', 23),
(2285, 'Красный Кут', 23),
(2286, 'Кременчуки', 23),
(2287, 'Ладыжинка', 23),
(2288, 'Лебедевка', 23),
(2289, 'Леськи', 23),
(2290, 'Лозивок', 23),
(2291, 'Лысянка', 23),
(2292, 'Майданец', 23),
(2293, 'Малый бузуков', 23),
(2294, 'Маньковка', 23),
(2295, 'Мартыновка', 23),
(2296, 'Матусив', 23),
(2297, 'Межирич', 23),
(2298, 'Михайловка', 23),
(2299, 'Млиев', 23),
(2300, 'Монастырище', 23),
(2301, 'Набутов', 23),
(2302, 'Новая дмитровка', 23),
(2303, 'Ольшана', 23),
(2304, 'Половинчик', 23),
(2305, 'Поташ', 23),
(2306, 'Почапинцы', 23),
(2307, 'Прохоровка', 23),
(2308, 'Рацево', 23),
(2309, 'Ротмистровка', 23),
(2310, 'Русская поляна', 23),
(2311, 'с. Литвинец', 23),
(2312, 'Сагуновка', 23),
(2313, 'Свидовок', 23),
(2314, 'Селище', 23),
(2315, 'Смела', 23),
(2316, 'Старые бабаны', 23),
(2317, 'Стеблев', 23),
(2318, 'Сушковка', 23),
(2319, 'Тальное', 23),
(2320, 'Ташлик', 23),
(2321, 'Умань', 23),
(2322, 'Хлыстуновка', 23),
(2323, 'Холоднянское', 23),
(2324, 'Хрещатик', 23),
(2325, 'Христиновка', 23),
(2326, 'Цибулев', 23),
(2327, 'Чапаевка', 23),
(2328, 'Червоная слобода', 23),
(2329, 'Черкассы', 23),
(2330, 'Чернобай', 23),
(2331, 'Чигирин', 23),
(2332, 'Шпола', 23),
(2333, 'Шрамковка', 23),
(2334, 'Ярославка', 23),
(2335, 'Ярошевка', 23),
(2336, 'Батурин', 24),
(2337, 'Бахмач', 24),
(2338, 'Безугловка', 24),
(2339, 'Белошицкая слобода', 24),
(2340, 'Березанка', 24),
(2341, 'Березна', 24),
(2342, 'Бобрик', 24),
(2343, 'Бобровица', 24),
(2344, 'Борзна', 24),
(2345, 'Боромыки', 24),
(2346, 'Бригинцы', 24),
(2347, 'Варва', 24),
(2348, 'Великая дорога', 24),
(2349, 'Великая дочь', 24),
(2350, 'Вертиевка', 24),
(2351, 'Гнединцы', 24),
(2352, 'Городня', 24),
(2353, 'Даниловка', 24),
(2354, 'Дмитровка', 24),
(2355, 'Добрянка', 24),
(2356, 'Замглай', 24),
(2357, 'Ичня', 24),
(2358, 'Киенка', 24),
(2359, 'Ковпыта', 24),
(2360, 'Козелец', 24),
(2361, 'Колычовка', 24),
(2362, 'Короп', 24),
(2363, 'Корюковка', 24),
(2364, 'Крапивное', 24),
(2365, 'Красное', 24),
(2366, 'Куликовка', 24),
(2367, 'Куты вторые', 24),
(2368, 'Ладан', 24),
(2369, 'Ладинка', 24),
(2370, 'Линовица', 24),
(2371, 'Лосиновка', 24),
(2372, 'Любеч', 24),
(2373, 'Макошино', 24),
(2374, 'Мена', 24),
(2375, 'Нежин', 24),
(2376, 'Новгород-Северский', 24),
(2377, 'Новое', 24),
(2378, 'Новоселовка', 24),
(2379, 'Новые Млыны', 24),
(2380, 'Новый белоус', 24),
(2381, 'Новый Быков', 24),
(2382, 'Носовка', 24),
(2383, 'Обычев', 24),
(2384, 'Олишевка', 24),
(2385, 'Остер', 24),
(2386, 'Павловка', 24),
(2387, 'Парафиевка', 24),
(2388, 'Политрудня', 24),
(2389, 'Прилуки', 24),
(2390, 'Равнополье', 24),
(2391, 'Репки', 24),
(2392, 'Рыбинск', 24),
(2393, 'Седнев', 24),
(2394, 'Семеновка', 24),
(2395, 'Сеньковка', 24),
(2396, 'Серебряное', 24),
(2397, 'Серединка', 24),
(2398, 'Слабин', 24),
(2399, 'Сосница', 24),
(2400, 'Старый белоус', 24),
(2401, 'Сядрине', 24),
(2402, 'Талалаевка', 24),
(2403, 'Толстолес', 24),
(2404, 'Хоробичи', 24),
(2405, 'Часниковка', 24),
(2406, 'Чернигов', 24),
(2407, 'Шестовица', 24),
(2408, 'Щорс', 24),
(2409, 'Берегомет', 25),
(2410, 'Боровцы', 25),
(2411, 'Бояны', 25),
(2412, 'Валя кузьмина', 25),
(2413, 'Вашковцы', 25),
(2414, 'Великий кучуров', 25),
(2415, 'Виженка', 25),
(2416, 'Вижница', 25),
(2417, 'Вороновица', 25),
(2418, 'Герца', 25),
(2419, 'Глинница', 25),
(2420, 'Глыбокая', 25),
(2421, 'Зарожаны', 25),
(2422, 'Заставна', 25),
(2423, 'Иванковцы', 25),
(2424, 'Ивановцы', 25),
(2425, 'Испас', 25),
(2426, 'Кельменцы', 25),
(2427, 'Киселев', 25),
(2428, 'Кицмань', 25),
(2429, 'Клишковцы', 25),
(2430, 'Комаровцы', 25),
(2431, 'Коровия', 25),
(2432, 'Корытное', 25),
(2433, 'Костинцы', 25),
(2434, 'Кострижевка', 25),
(2435, 'Красноильск', 25),
(2436, 'Левинцы', 25),
(2437, 'Лужаны', 25),
(2438, 'Мамаевцы', 25),
(2439, 'Мамалыга', 25),
(2440, 'Мариничи', 25),
(2441, 'Михальча', 25),
(2442, 'Молница', 25),
(2443, 'Нелиповцы', 25),
(2444, 'Неполоковцы', 25),
(2445, 'Новоднестровск', 25),
(2446, 'Новоселица', 25),
(2447, 'Окно', 25),
(2448, 'Путила', 25),
(2449, 'Ростоки', 25),
(2450, 'Селятин', 25),
(2451, 'Сокиряны', 25),
(2452, 'Сторожинец', 25),
(2453, 'Строинцы', 25),
(2454, 'Тарасивцы', 25),
(2455, 'Топоровцы', 25),
(2456, 'Хотин', 25),
(2457, 'Чагор', 25),
(2458, 'Черленовка', 25),
(2459, 'Черновцы', 25),
(2460, 'Чертория', 25),
(2461, 'Шишковци', 25),
(2462, 'Шпетки', 25);

-- --------------------------------------------------------

--
-- Структура таблицы `menu`
--

CREATE TABLE IF NOT EXISTS `menu` (
  `id` int(11) NOT NULL,
  `name` varchar(30) NOT NULL,
  `type` varchar(15) NOT NULL,
  `p_id` int(11) NOT NULL,
  `p_id2` int(11) NOT NULL,
  `status` varchar(10) NOT NULL,
  `link` varchar(50) NOT NULL,
  `owner` varchar(10) NOT NULL,
  `access` varchar(10) NOT NULL,
  `main_link` varchar(150) NOT NULL
) ENGINE=MyISAM AUTO_INCREMENT=72 DEFAULT CHARSET=utf8;

--
-- Дамп данных таблицы `menu`
--

INSERT INTO `menu` (`id`, `name`, `type`, `p_id`, `p_id2`, `status`, `link`, `owner`, `access`, `main_link`) VALUES
(1, 'Главная', 'r', 0, 0, 'enable', '', 'admin', '3', 'cabinet'),
(56, 'О Компании', 'r', 0, 0, 'enable', 'about_us', 'admin', '', 'about_us'),
(57, 'Новости', 'r', 0, 0, 'enable', 'news', 'admin', '', 'news'),
(58, 'Статьи', 'r', 0, 0, 'enable', 'blog', 'admin', '', 'blog'),
(60, 'Торговые Марки', 'r', 0, 0, 'enable', 'trade_marks', 'admin', '', 'trade_marks'),
(61, 'Галерея', 'r', 0, 0, 'enable', 'gallery', 'admin', '', 'gallery'),
(66, 'Доставка', 'r', 0, 0, 'enable', 'shipping', 'user', '', 'shipping'),
(63, 'Контакты', 'r', 0, 0, 'enable', 'contact_us', 'admin', '', 'contact_us'),
(67, 'Оплата', 'r', 0, 0, 'enable', 'payment', 'user', '', 'payment');

-- --------------------------------------------------------

--
-- Структура таблицы `news`
--

CREATE TABLE IF NOT EXISTS `news` (
  `id` int(11) NOT NULL,
  `name` text CHARACTER SET utf8 NOT NULL,
  `news_page` text CHARACTER SET utf8 NOT NULL,
  `article_description` text CHARACTER SET utf8 NOT NULL,
  `status` varchar(10) CHARACTER SET utf8 NOT NULL,
  `image_path` varchar(2000) CHARACTER SET utf8 NOT NULL,
  `date` datetime NOT NULL
) ENGINE=InnoDB AUTO_INCREMENT=2 DEFAULT CHARSET=latin1;

--
-- Дамп данных таблицы `news`
--

INSERT INTO `news` (`id`, `name`, `news_page`, `article_description`, `status`, `image_path`, `date`) VALUES
(1, 'News Test 1', '<p>Кухня &ndash; это рабочее место хозяйки дома. Она проводит тут примерно 60% домашнего времени, поэтому от состояния воздуха в этом помещении напрямую зависит её здоровье. Воздух в кухне во время приготовления пищи загрязняется продуктами сгорания, мельчайшими частичками пищи, которые выделяются при нагревании. Если помещение недостаточно хорошо вентилируется, запахи создают дискомфорт. Они отрицательно влияют на настроение людей, могут отбить аппетит даже у самого голодного. Проветривание &ndash; один из способов борьбы с загрязненным воздухом. Но лучше всего улавливать загазованный воздух прямо над плитой и освобождать от него помещение. С этой задачей способны справиться кухонные вытяжки.</p>\n', 'Кухня – это рабочее место хозяйки дома. Она проводит тут примерно 60% домашнего времени, поэтому от состояния воздуха в этом помещении напрямую зависит её здоровье. Воздух в кухне во время приготовления пищи загрязняется продуктами сгорания, мельчайшими частичками пищи, которые выделяются при нагревании. Если помещение недостаточно хорошо вентилируется, запахи создают дискомфорт. Они отрицательно влияют на настроение людей, могут отбить аппетит даже у самого голодного. Проветривание – один из способов борьбы с загрязненным воздухом. Но лучше всего улавливать загазованный воздух прямо над плитой и освобождать от него помещение. С этой задачей способны справиться кухонные вытяжки.', 'enable', '../../../upload/news/all_terrian_crane_256.png', '2015-08-24 19:45:20');

-- --------------------------------------------------------

--
-- Структура таблицы `orders`
--

CREATE TABLE IF NOT EXISTS `orders` (
  `id` int(11) NOT NULL,
  `name` varchar(100) NOT NULL,
  `price` float NOT NULL,
  `buyer_data` varchar(3000) NOT NULL,
  `status` varchar(50) NOT NULL,
  `a_status` varchar(50) NOT NULL,
  `type_of_order` varchar(50) NOT NULL,
  `type_of_deliverance` varchar(50) NOT NULL,
  `seller_data` varchar(3000) NOT NULL,
  `adress` varchar(1000) NOT NULL,
  `date` datetime NOT NULL,
  `currency` varchar(10) NOT NULL,
  `quantity` varchar(25) NOT NULL,
  `item_id` int(11) NOT NULL
) ENGINE=MyISAM AUTO_INCREMENT=9 DEFAULT CHARSET=utf8;

--
-- Дамп данных таблицы `orders`
--

INSERT INTO `orders` (`id`, `name`, `price`, `buyer_data`, `status`, `a_status`, `type_of_order`, `type_of_deliverance`, `seller_data`, `adress`, `date`, `currency`, `quantity`, `item_id`) VALUES
(8, 'Однорежимный перфоратор', 123, 'a:4:{s:4:"name";s:12:"апрвар";s:7:"surname";s:16:"аврварва";s:5:"email";s:18:"avp1768@rambler.ru";s:5:"phone";s:8:"45634545";}', 'Новый', 'new', 'Наличные', 'Нова Пошта', 'a:16:{s:2:"id";s:1:"1";s:4:"name";s:5:"Admin";s:5:"email";s:5:"admin";s:8:"password";s:10:"prom_admin";s:7:"company";s:5:"Admin";s:9:"user_type";s:5:"admin";s:7:"usercat";s:4:"Maks";s:7:"surname";s:8:"Prihodko";s:10:"patronymic";s:13:"Alexandrovich";s:7:"country";s:14:"Украина";s:4:"city";s:18:"Запорожье";s:5:"phone";s:12:"380938246066";s:6:"street";s:19:"Ладожская ";s:8:"building";s:2:"17";s:10:"phone_more";s:0:"";s:8:"location";s:37:"Запорожская область";}', 'a:2:{s:8:"location";s:2:"13";s:4:"city";s:4:"1370";}', '2015-08-30 18:10:31', 'Грн.', '1', 1);

-- --------------------------------------------------------

--
-- Структура таблицы `partners`
--

CREATE TABLE IF NOT EXISTS `partners` (
  `id` int(11) NOT NULL,
  `name` varchar(20) NOT NULL,
  `logo` varchar(200) NOT NULL,
  `link` varchar(30) NOT NULL,
  `status` varchar(10) NOT NULL
) ENGINE=MyISAM AUTO_INCREMENT=12 DEFAULT CHARSET=utf8;

--
-- Дамп данных таблицы `partners`
--

INSERT INTO `partners` (`id`, `name`, `logo`, `link`, `status`) VALUES
(10, 'Bosh', '../../../upload/partner/8.png', 'http://www.bosch-home.com/ru/', 'enable'),
(9, 'makita', '../../../upload/partner/3.png', 'http://makita.ru/', 'enable'),
(8, 'Knauf', '../../../upload/partner/1.png', 'http://www.knauf.ru/index.wbp', 'enable'),
(7, 'Distar', '../../../upload/partner/46.png', 'http://www.mos-distar.ru/', 'enable'),
(11, 'Зубр', '../../../upload/partner/6.png', 'http://www.zubr.ru/', 'enable');

-- --------------------------------------------------------

--
-- Структура таблицы `product`
--

CREATE TABLE IF NOT EXISTS `product` (
  `id` int(11) NOT NULL,
  `name` varchar(50) NOT NULL,
  `image_path` text NOT NULL,
  `subcat_id` int(11) NOT NULL,
  `status` text NOT NULL,
  `description` text,
  `views` int(11) NOT NULL,
  `date` datetime NOT NULL,
  `min_img` varchar(5000) NOT NULL,
  `parametr` varchar(5000) NOT NULL,
  `size` varchar(5000) NOT NULL,
  `power` varchar(5000) NOT NULL,
  `size_img` text NOT NULL,
  `color` varchar(100) NOT NULL,
  `pdf_path` text NOT NULL,
  `video_path` text NOT NULL,
  `interior_img` text NOT NULL,
  `price` float NOT NULL,
  `currency` text NOT NULL,
  `prod_quantity` text NOT NULL,
  `id_user` int(11) NOT NULL DEFAULT '1'
) ENGINE=MyISAM AUTO_INCREMENT=10 DEFAULT CHARSET=utf8;

--
-- Дамп данных таблицы `product`
--

INSERT INTO `product` (`id`, `name`, `image_path`, `subcat_id`, `status`, `description`, `views`, `date`, `min_img`, `parametr`, `size`, `power`, `size_img`, `color`, `pdf_path`, `video_path`, `interior_img`, `price`, `currency`, `prod_quantity`, `id_user`) VALUES
(1, 'Однорежимный перфоратор', '../../../upload/products/js9aere22ag5hand_driller_256.png', 1, 'enable', '<p>вапвапварварварва</p>\n', 194, '0000-00-00 00:00:00', 'a:4:{i:0;s:51:"../../../upload/products/autofeed_screw_gun_256.png";i:1;s:44:"../../../upload/products/Brad_nailer_256.png";i:2;s:44:"../../../upload/products/chaine_vise_256.png";i:4;s:51:"../../../upload/products/autofeed_screw_gun_256.png";}', 'a:10:{i:0;s:1:"1";i:1;s:1:"2";i:2;s:1:"3";i:3;s:1:"4";i:4;s:1:"5";i:5;s:1:"6";i:6;s:1:"7";i:7;s:1:"8";i:8;s:1:"9";i:9;s:1:"-";}', '213', '123412', '', '12312', '../../../upload/pdfdocs/docvitiazhki6.jpg', '0', '', 123, 'Грн.', '1', 1),
(6, 'Двухрежимный перфоратор', '../../../upload/products/jt5tqsdyqswnhand_driller_256.png', 1, 'enable', '<p>Двухрежимный перфоратор</p>\n', 46, '0000-00-00 00:00:00', 'N;', 'a:10:{i:0;s:2:"12";i:1;s:1:"2";i:2;s:1:"3";i:3;s:1:"4";i:4;s:1:"5";i:5;s:1:"6";i:6;s:1:"7";i:7;s:1:"8";i:8;s:1:"9";i:9;s:2:"10";}', '1', '1', '', '1', '', '0', '', 234, 'Грн.', '1', 1),
(7, 'Трехрежимный перфоратор', '../../../upload/products/jmqbggwmtr3fadhesive_tape_256.png', 3, 'enable', '<p>ыарварварварварва</p>\n', 3, '0000-00-00 00:00:00', 'N;', 'a:10:{i:0;s:1:"1";i:1;s:1:"2";i:2;s:1:"3";i:3;s:1:"4";i:4;s:1:"5";i:5;s:1:"6";i:6;s:1:"7";i:7;s:1:"8";i:8;s:1:"9";i:9;s:1:"9";}', '1', '1', '', '1', '', '0', '', 454, 'Грн.', '1', 1),
(8, 'test1', '../../../upload/products/cd773kwpsps3bearing_256.png', 2, 'enable', '<p>fdhdfhffg &nbsp;rrtghfghfg fgjf gjfg jf gf fgfgfhfgjf</p>\n', 6, '0000-00-00 00:00:00', 'N;', 'a:10:{i:0;s:1:"1";i:1;s:1:"3";i:2;s:1:"2";i:3;s:1:"4";i:4;s:1:"5";i:5;s:1:"7";i:6;s:3:"865";i:7;s:3:"457";i:8;s:3:"457";i:9;s:5:"54745";}', '453', '63', '', '634', '', '0', '', 3534, 'Грн.', '1', 1),
(9, 'test 2 ', '../../../upload/products/uq65vsjsk2pzbattery_pack_256.png', 1, 'enable', '<p>fdhdfhdfhdf dfhdfh ddfhhdfhd dfhdfhdfhd</p>\n', 21, '0000-00-00 00:00:00', 'N;', 'a:10:{i:0;s:3:"654";i:1;s:4:"4564";i:2;s:4:"4564";i:3;s:4:"5464";i:4;s:5:"45645";i:5;s:5:"64564";i:6;s:4:"4564";i:7;s:4:"4564";i:8;s:5:"45645";i:9;s:5:"45645";}', '45645', '645645', '', '65464', '', '0', '', 63, 'Грн.', '2', 1);

-- --------------------------------------------------------

--
-- Структура таблицы `settings`
--

CREATE TABLE IF NOT EXISTS `settings` (
  `parametr` varchar(100) NOT NULL,
  `value` text NOT NULL,
  `name` varchar(100) NOT NULL,
  `id` int(11) NOT NULL
) ENGINE=MyISAM AUTO_INCREMENT=18 DEFAULT CHARSET=utf8;

--
-- Дамп данных таблицы `settings`
--

INSERT INTO `settings` (`parametr`, `value`, `name`, `id`) VALUES
('city', 'Запорожье 69121', 'Город', 1),
('street/build', 'Пр. Ленина 154', 'Улица/Дом', 2),
('email', 'illiquid.siteandseo@gmail.com', 'Почта', 3),
('phone1', '+38 093 824 60 66', 'Телефон 1', 4),
('phone2', '+38 093 824 60 66', 'Телефон 2', 5),
('tw_link', 'https://twitter.com', 'Ссылка Твиттер', 6),
('inst_link', 'https://instagram.com/', 'Ссылка Инстаграм', 7),
('fb_link', 'https://www.facebook.com/', 'Ссылка ФэйсБук', 8),
('vk_link', 'http://vk.com', 'Ссылка Вконтакте', 9),
('inn', '124124124', 'Реквизит ИНН', 10),
('ogrn', '1115003008372', 'Реквизит ОГРН ', 11),
('time_m_f', 'с 9 до 18 часов\r\n', 'Время работы Пн-Пт', 12),
('time_st', 'с 9 до 16 часов', 'Время работы Cуббота', 13),
('sunday', 'c 9 до 15 часов', 'Время работы Воскресение', 14),
('map_office', '                   <iframe src="https://www.google.com/maps/embed?pb=!1m18!1m12!1m3!1d73175.88331946432!2d82.92042732238771!3d55.03013748809723!2m3!1f0!2f0!3f0!3m2!1i1024!2i768!4f13.1!3m3!1m2!1s0x42dfe5d035f6e8fb%3A0xcf8f4577bed20871!2z0J_Qu9C-0YnQsNC00Ywg0JvQtdC90LjQvdCw!5e0!3m2!1sru!2sua!4v1440953795526" width="600" height="450" frameborder="0" style="border:0" allowfullscreen></iframe>', 'Карта(офис)', 15),
('map_shop', '<div class="map02 col-lg-6 col-md-6 col-sm-6 col-xs-12"><iframe frameborder="0" height="450" src="https://www.google.com/maps/embed?pb=!1m18!1m12!1m3!1d201892.21830307692!2d132.34098221350666!3d61.059477865561554!2m3!1f0!2f0!3f0!3m2!1i1024!2i768!4f13.1!3m3!1m2!1s0x5bf88b42df2a3a2b%3A0x62b72ca5054674c9!2z0JDQsdCw0LPQsCwg0KDQtdGB0L8uINCh0LDRhdCwICjQr9C60YPRgtC40Y8pLCDQoNC-0YHRgdC40Y8sIDY3ODYwNA!5e0!3m2!1sru!2sua!4v1440954062043" style="border:0" width="600"></iframe></div><div class="map02 col-lg-6 col-md-6 col-sm-6 col-xs-12"><iframe frameborder="0" height="450" src="https://www.google.com/maps/embed?pb=!1m18!1m12!1m3!1d14601.0684447597!2d148.14149784999995!3d62.77746!2m3!1f0!2f0!3f0!3m2!1i1024!2i768!4f13.1!3m3!1m2!1s0x59616511393e9b2f%3A0x4124bfff0ff513ab!2z0KHRg9GB0YPQvNCw0L0sINCc0LDQs9Cw0LTQsNC90YHQutCw0Y8g0L7QsdC7Liwg0KDQvtGB0YHQuNGPLCA2ODYzMTQ!5e0!3m2!1sru!2sua!4v1440954139153" style="border:0" width="600"></iframe></div>', 'Карты Магазинов', 16),
('route', '<p><img alt="" src="../../../upload/slide/6.jpg" /></p>\n', 'Схема проезда', 17);

-- --------------------------------------------------------

--
-- Структура таблицы `slider`
--

CREATE TABLE IF NOT EXISTS `slider` (
  `id` int(11) NOT NULL,
  `path` varchar(200) NOT NULL,
  `text` varchar(500) NOT NULL,
  `header1` varchar(100) NOT NULL,
  `status` varchar(10) NOT NULL,
  `act` int(1) NOT NULL,
  `position` text NOT NULL,
  `header2` varchar(100) NOT NULL
) ENGINE=MyISAM AUTO_INCREMENT=5 DEFAULT CHARSET=utf8;

--
-- Дамп данных таблицы `slider`
--

INSERT INTO `slider` (`id`, `path`, `text`, `header1`, `status`, `act`, `position`, `header2`) VALUES
(1, '../../../upload/slide/4.jpg', '<p>пример текста 2</p>\n', 'КАК ВЫБРАТЬ НАДЕЖНУЮ ', 'enable', 0, 'style1', 'КУХОННУЮ ВЫТЯЖКУ??'),
(2, '../../../upload/slide/5.jpg', '<p><strong><span style="color:#FFFFFF"><span style="font-size:14px">Пример текста 3</span></span></strong></p>\n', 'ELEYUS ', 'enable', 0, 'style2', 'Titan A 750 60 WH'),
(3, '../../../upload/slide/6.jpg', '<p><strong><em>Пример текста 1</em></strong></p>\n', 'Зачем нужна', 'enable', 1, 'style3', 'Вытяжка ?'),
(4, '../../../upload/slide/header_1655.jpg', '<p><span style="color:#000000"><span style="font-size:14px">Пример текста 4</span></span></p>\n', 'ЕВроРемонт', 'disable', 0, 'style1', 'БЫСТРО КАЧЕСТВЕНО НАДЕЖНО');

-- --------------------------------------------------------

--
-- Структура таблицы `subcategories`
--

CREATE TABLE IF NOT EXISTS `subcategories` (
  `id` int(11) NOT NULL,
  `name` varchar(200) NOT NULL,
  `image_path` varchar(500) NOT NULL,
  `link` varchar(200) NOT NULL,
  `status` varchar(10) NOT NULL,
  `cat_id` int(11) NOT NULL
) ENGINE=MyISAM AUTO_INCREMENT=9 DEFAULT CHARSET=utf8;

--
-- Дамп данных таблицы `subcategories`
--

INSERT INTO `subcategories` (`id`, `name`, `image_path`, `link`, `status`, `cat_id`) VALUES
(1, 'однорежимные', '../../../upload/subcat_image/hand_driller_256.png', 'one_regim', 'enable', 5),
(2, 'двухрежимные', '../../../upload/subcat_image/hand_driller_256.png', 'two_regim', 'enable', 5),
(3, 'трехрежимные', '../../../upload/subcat_image/hand_driller_256.png', 'three_regim', 'enable', 5),
(4, 'tets4', '../../../upload/subcat_image/test4xS7fHT3xncs.jpg', 'test4', 'enable', 6),
(5, 'test5', '../../../upload/subcat_image/test5vitiazhki6.jpg', 'test5', 'enable', 6),
(6, 'Бензопилы', '../../../upload/subcat_image/benzopili1hand_saw_256.png', 'benzopili1', 'enable', 7),
(7, 'Шлифмашина1', '../../../upload/subcat_image/shlifmashina1grinder_256.png', 'shlifmashina1', 'enable', 8),
(8, 'Монометр', '../../../upload/subcat_image/monometrgauge_256.png', 'monometr', 'enable', 9);

-- --------------------------------------------------------

--
-- Структура таблицы `user`
--

CREATE TABLE IF NOT EXISTS `user` (
  `id` int(11) NOT NULL,
  `name` varchar(20) NOT NULL,
  `email` varchar(35) NOT NULL,
  `password` varchar(20) NOT NULL,
  `company` text NOT NULL,
  `user_type` varchar(10) DEFAULT NULL,
  `usercat` varchar(50) NOT NULL,
  `surname` varchar(50) NOT NULL,
  `patronymic` varchar(50) NOT NULL,
  `country` varchar(25) NOT NULL,
  `city` varchar(35) NOT NULL,
  `phone` varchar(20) NOT NULL,
  `street` varchar(30) NOT NULL,
  `building` varchar(10) NOT NULL,
  `phone_more` varchar(15) NOT NULL,
  `location` varchar(100) NOT NULL
) ENGINE=MyISAM AUTO_INCREMENT=2548276 DEFAULT CHARSET=utf8;

--
-- Дамп данных таблицы `user`
--

INSERT INTO `user` (`id`, `name`, `email`, `password`, `company`, `user_type`, `usercat`, `surname`, `patronymic`, `country`, `city`, `phone`, `street`, `building`, `phone_more`, `location`) VALUES
(1, 'Admin', 'admin', 'prom_admin', 'Admin', 'admin', 'Maks', 'Prihodko', 'Alexandrovich', 'Украина', 'Запорожье', '380938246066', 'Ладожская ', '17', '', 'Запорожская область'),
(2548244, 'Максим', 'm@gmail.com', 'qwer0987', 'Site&Seo', 'user', 'seller', 'Приходько', 'Александрович', 'Украина', 'Запорожье', '380938246066', 'ладожская', '1234', '0505315548', 'Запорожская область'),
(2548248, 'Максим', 'John@gmail.com', '24june92', 'Желтый дезик', 'user', 'seller', 'Приходько', 'Александрович', 'Украина ', 'Запорожье', '2712259', 'пр. Ленина ', '164', '380938246066', 'Запорожская область'),
(2548249, 'Maks', 'dji@fng.fgkmjd', 'qwer0987', 'NULL', 'user', 'buyer', 'Pryh', 'Alex', 'Украина ', 'Запорожье', '3578348343', 'пр. Ленина', '34', '', 'Запорожская область'),
(2548250, 'Максим', 'max@gmail.com', 'qwer0987', 'NULL', 'user', 'buyer', 'Приходько', 'Александрович', 'Украина', 'Запорожье', '380935154324', 'проспект Ленина', '166', '', 'Запорожская область'),
(2548251, 'Max', 'basfas@hs.com', 'qwer0987', 'NULL', 'user', 'buyer', 'Pryhodko', 'Alexandrovich', 'Украина', 'Киев', '235627612744823', 'пр. Краснозвездный', '6', '', 'Киевская область'),
(2548252, 'Steve', 'Cherry@gmail.com', 'qwer0987', 'Cherry', 'user', 'seller', 'Jobs', 'Leonidovich', 'Украина', 'Запорожье', '380975464432', '40 лет Советской Украины', '39', '0612543759', 'Запорожская область'),
(2548253, 'Alex', 'Rumjacks@gmail.com', 'qwer0987', 'ООО "Rumjacks"', 'user', 'seller', 'Moren', 'Bat''kovich', 'Украина', 'Запорожье', '1234567890', 'Пр. Ленина ', '152', '2345678', ''),
(2548272, 'Приходько', 'rwer@gmail.com', 'Приходько', 'NULL', 'user', 'buyer', 'Приходько', 'Приходько', 'Украина', 'Запорожье', '11111111', 'Чуйкова', '33', '', 'Запорожская область'),
(2548273, 'gsg', 'm.prihodko@ukrods.com.ua', '11111111', 'NULL', 'user', 'buyer', 'Приходько', 'dfgdf', 'Украина', 'Запорожье', '45774745745', 'Нижняя Днепровская', '22', '', 'Запорожская область'),
(2548274, 'Maks', 'пыа', '11111111', 'NULL', 'user', 'buyer', 'Приходько', '', 'Украина', 'Запорожье', '111111111', 'ладожская ', '17', '', 'Запорожская область'),
(2548275, 'Maks', 'mprihodko92@gmail.com', '1111111111', 'qwertyui', 'user', 'seller', 'Приходько', 'ф', 'Украина', 'Запорожье', '12345678', 'Днепровские Пороги', '25', '2345678', 'Запорожская область');

--
-- Индексы сохранённых таблиц
--

--
-- Индексы таблицы `about_us_data`
--
ALTER TABLE `about_us_data`
  ADD PRIMARY KEY (`id`);

--
-- Индексы таблицы `blog`
--
ALTER TABLE `blog`
  ADD PRIMARY KEY (`id`);

--
-- Индексы таблицы `categories`
--
ALTER TABLE `categories`
  ADD PRIMARY KEY (`id`);

--
-- Индексы таблицы `city`
--
ALTER TABLE `city`
  ADD PRIMARY KEY (`id`);

--
-- Индексы таблицы `ci_sessions`
--
ALTER TABLE `ci_sessions`
  ADD PRIMARY KEY (`session_id`);

--
-- Индексы таблицы `commit`
--
ALTER TABLE `commit`
  ADD PRIMARY KEY (`id`);

--
-- Индексы таблицы `fake_comments`
--
ALTER TABLE `fake_comments`
  ADD PRIMARY KEY (`id`);

--
-- Индексы таблицы `focus_products`
--
ALTER TABLE `focus_products`
  ADD PRIMARY KEY (`id`);

--
-- Индексы таблицы `gallery`
--
ALTER TABLE `gallery`
  ADD PRIMARY KEY (`id`);

--
-- Индексы таблицы `locality`
--
ALTER TABLE `locality`
  ADD PRIMARY KEY (`id`);

--
-- Индексы таблицы `menu`
--
ALTER TABLE `menu`
  ADD PRIMARY KEY (`id`);

--
-- Индексы таблицы `news`
--
ALTER TABLE `news`
  ADD PRIMARY KEY (`id`);

--
-- Индексы таблицы `orders`
--
ALTER TABLE `orders`
  ADD PRIMARY KEY (`id`);

--
-- Индексы таблицы `partners`
--
ALTER TABLE `partners`
  ADD PRIMARY KEY (`id`);

--
-- Индексы таблицы `product`
--
ALTER TABLE `product`
  ADD PRIMARY KEY (`id`);

--
-- Индексы таблицы `settings`
--
ALTER TABLE `settings`
  ADD PRIMARY KEY (`id`);

--
-- Индексы таблицы `slider`
--
ALTER TABLE `slider`
  ADD PRIMARY KEY (`id`);

--
-- Индексы таблицы `subcategories`
--
ALTER TABLE `subcategories`
  ADD PRIMARY KEY (`id`);

--
-- Индексы таблицы `user`
--
ALTER TABLE `user`
  ADD PRIMARY KEY (`id`);

--
-- AUTO_INCREMENT для сохранённых таблиц
--

--
-- AUTO_INCREMENT для таблицы `about_us_data`
--
ALTER TABLE `about_us_data`
  MODIFY `id` int(11) NOT NULL AUTO_INCREMENT,AUTO_INCREMENT=2;
--
-- AUTO_INCREMENT для таблицы `blog`
--
ALTER TABLE `blog`
  MODIFY `id` int(11) NOT NULL AUTO_INCREMENT,AUTO_INCREMENT=8;
--
-- AUTO_INCREMENT для таблицы `categories`
--
ALTER TABLE `categories`
  MODIFY `id` int(11) NOT NULL AUTO_INCREMENT,AUTO_INCREMENT=10;
--
-- AUTO_INCREMENT для таблицы `city`
--
ALTER TABLE `city`
  MODIFY `id` int(11) NOT NULL AUTO_INCREMENT,AUTO_INCREMENT=26;
--
-- AUTO_INCREMENT для таблицы `commit`
--
ALTER TABLE `commit`
  MODIFY `id` int(11) NOT NULL AUTO_INCREMENT,AUTO_INCREMENT=8;
--
-- AUTO_INCREMENT для таблицы `fake_comments`
--
ALTER TABLE `fake_comments`
  MODIFY `id` int(11) NOT NULL AUTO_INCREMENT,AUTO_INCREMENT=3;
--
-- AUTO_INCREMENT для таблицы `focus_products`
--
ALTER TABLE `focus_products`
  MODIFY `id` int(11) NOT NULL AUTO_INCREMENT,AUTO_INCREMENT=4;
--
-- AUTO_INCREMENT для таблицы `gallery`
--
ALTER TABLE `gallery`
  MODIFY `id` int(11) NOT NULL AUTO_INCREMENT,AUTO_INCREMENT=4;
--
-- AUTO_INCREMENT для таблицы `locality`
--
ALTER TABLE `locality`
  MODIFY `id` int(11) NOT NULL AUTO_INCREMENT,AUTO_INCREMENT=2463;
--
-- AUTO_INCREMENT для таблицы `menu`
--
ALTER TABLE `menu`
  MODIFY `id` int(11) NOT NULL AUTO_INCREMENT,AUTO_INCREMENT=72;
--
-- AUTO_INCREMENT для таблицы `news`
--
ALTER TABLE `news`
  MODIFY `id` int(11) NOT NULL AUTO_INCREMENT,AUTO_INCREMENT=2;
--
-- AUTO_INCREMENT для таблицы `orders`
--
ALTER TABLE `orders`
  MODIFY `id` int(11) NOT NULL AUTO_INCREMENT,AUTO_INCREMENT=9;
--
-- AUTO_INCREMENT для таблицы `partners`
--
ALTER TABLE `partners`
  MODIFY `id` int(11) NOT NULL AUTO_INCREMENT,AUTO_INCREMENT=12;
--
-- AUTO_INCREMENT для таблицы `product`
--
ALTER TABLE `product`
  MODIFY `id` int(11) NOT NULL AUTO_INCREMENT,AUTO_INCREMENT=10;
--
-- AUTO_INCREMENT для таблицы `settings`
--
ALTER TABLE `settings`
  MODIFY `id` int(11) NOT NULL AUTO_INCREMENT,AUTO_INCREMENT=18;
--
-- AUTO_INCREMENT для таблицы `slider`
--
ALTER TABLE `slider`
  MODIFY `id` int(11) NOT NULL AUTO_INCREMENT,AUTO_INCREMENT=5;
--
-- AUTO_INCREMENT для таблицы `subcategories`
--
ALTER TABLE `subcategories`
  MODIFY `id` int(11) NOT NULL AUTO_INCREMENT,AUTO_INCREMENT=9;
--
-- AUTO_INCREMENT для таблицы `user`
--
ALTER TABLE `user`
  MODIFY `id` int(11) NOT NULL AUTO_INCREMENT,AUTO_INCREMENT=2548276;
/*!40101 SET CHARACTER_SET_CLIENT=@OLD_CHARACTER_SET_CLIENT */;
/*!40101 SET CHARACTER_SET_RESULTS=@OLD_CHARACTER_SET_RESULTS */;
/*!40101 SET COLLATION_CONNECTION=@OLD_COLLATION_CONNECTION */;
