-- phpMyAdmin SQL Dump
-- version 4.0.10deb1
-- http://www.phpmyadmin.net
--
-- Хост: localhost
-- Время создания: Июн 25 2015 г., 17:02
-- Версия сервера: 5.5.43-0ubuntu0.14.04.1
-- Версия PHP: 5.5.9-1ubuntu4.9

SET SQL_MODE = "NO_AUTO_VALUE_ON_ZERO";
SET time_zone = "+00:00";


/*!40101 SET @OLD_CHARACTER_SET_CLIENT=@@CHARACTER_SET_CLIENT */;
/*!40101 SET @OLD_CHARACTER_SET_RESULTS=@@CHARACTER_SET_RESULTS */;
/*!40101 SET @OLD_COLLATION_CONNECTION=@@COLLATION_CONNECTION */;
/*!40101 SET NAMES utf8 */;

--
-- База данных: `prom_illiquid`
--

-- --------------------------------------------------------

--
-- Структура таблицы `categories`
--

CREATE TABLE IF NOT EXISTS `categories` (
  `id` int(11) NOT NULL AUTO_INCREMENT,
  `name` varchar(250) CHARACTER SET utf8 NOT NULL,
  `status` varchar(10) CHARACTER SET utf8 NOT NULL,
  `link` varchar(50) CHARACTER SET utf8 NOT NULL,
  `fp_id` int(11) NOT NULL,
  PRIMARY KEY (`id`)
) ENGINE=InnoDB  DEFAULT CHARSET=utf8 COLLATE=utf8_bin AUTO_INCREMENT=25 ;

--
-- Дамп данных таблицы `categories`
--

INSERT INTO `categories` (`id`, `name`, `status`, `link`, `fp_id`) VALUES
(1, 'Автозапчасти', 'enable', 'autozapchasti', 2),
(2, 'Строительство', 'enable', 'stroitelstvo', 1),
(4, 'Электрооборудование', 'enable', 'electromachine', 1),
(5, 'Отопление', 'enable', 'otoplenie', 1),
(6, 'Военторг', 'enable', 'voentorg', 2),
(7, 'Техника и электроника', 'enable', 'device', 2),
(11, 'Инструмент', 'enable', 'instrument', 1),
(13, 'Услуги в сфере IT', 'enable', 'it_service', 3),
(19, 'Безопасность и защита', 'enable', 'security', 1),
(24, 'Промышленное оборудование, станки', 'enable', 'prom_machine', 1);

-- --------------------------------------------------------

--
-- Структура таблицы `city`
--

CREATE TABLE IF NOT EXISTS `city` (
  `id` int(11) NOT NULL AUTO_INCREMENT,
  `name` varchar(100) DEFAULT NULL,
  `centr` varchar(50) NOT NULL,
  PRIMARY KEY (`id`)
) ENGINE=InnoDB  DEFAULT CHARSET=utf8 AUTO_INCREMENT=26 ;

--
-- Дамп данных таблицы `city`
--

INSERT INTO `city` (`id`, `name`, `centr`) VALUES
(1, 'АР Крым', 'Симферополь'),
(2, 'Винницкая область', 'Винница'),
(3, 'Волынская область', 'Луцк'),
(4, 'Днепропетровская область', 'Днепропетровск'),
(5, 'Донецкая область', 'Донецк'),
(6, 'Житомирская область', 'Житомир'),
(7, 'Закарпатская область', 'Ужгород'),
(8, 'Запорожская область', 'Запорожье'),
(9, 'Ивано-Франковская область', 'Ивано-Франковск'),
(10, 'Киевская область', 'Киев'),
(11, 'Кировоградская область', 'Кировоград'),
(12, 'Луганская область', 'Луганск'),
(13, 'Львовская область', 'Львов'),
(14, 'Николаевская область', 'Николаев'),
(15, 'Одесская область', 'Одесса'),
(16, 'Полтавская область', 'Полтава'),
(17, 'Ровенская область', 'Ровно'),
(18, 'Сумская область', 'Суммы'),
(19, 'Тернопольская область', 'Тернополь'),
(20, 'Харьковская область', 'Харьков'),
(21, 'Херсонская область', 'Херсон'),
(22, 'Хмельницкая область', 'Хмельницк'),
(23, 'Черкасская область', 'Черкассы'),
(24, 'Черниговская область', 'Чернигов'),
(25, 'Черновицкая область', 'Черновцы');

-- --------------------------------------------------------

--
-- Структура таблицы `ci_sessions`
--

CREATE TABLE IF NOT EXISTS `ci_sessions` (
  `session_id` varchar(40) NOT NULL DEFAULT '0',
  `ip_address` varchar(16) NOT NULL DEFAULT '0',
  `user_agent` varchar(2000) NOT NULL,
  `last_activity` int(10) unsigned NOT NULL DEFAULT '0',
  `user_data` text NOT NULL,
  PRIMARY KEY (`session_id`)
) ENGINE=InnoDB DEFAULT CHARSET=utf8;

--
-- Дамп данных таблицы `ci_sessions`
--

INSERT INTO `ci_sessions` (`session_id`, `ip_address`, `user_agent`, `last_activity`, `user_data`) VALUES
('43786e7f32c1fe9ed00b58112f363b14', '127.0.0.1', 'Mozilla/5.0 (X11; Linux x86_64) AppleWebKit/537.36 (KHTML, like Gecko) Chrome/43.0.2357.130 Safari/537.36', 1435240872, ''),
('7a1d07dd26bd246919878528a56f7355', '127.0.0.1', 'Mozilla/5.0 (X11; Linux x86_64) AppleWebKit/537.36 (KHTML, like Gecko) Chrome/43.0.2357.130 Safari/537.36', 1435237491, 'a:5:{s:9:"user_data";s:0:"";s:9:"city_sess";a:1:{i:0;s:8:"Луцк";}s:5:"admin";a:3:{s:4:"name";s:5:"Admin";s:5:"email";s:5:"admin";s:9:"user_type";s:5:"admin";}s:9:"data_view";a:2:{i:0;s:1:"9";i:1;s:1:"2";}s:4:"user";a:12:{s:2:"id";s:7:"2548244";s:4:"name";s:12:"Максим";s:7:"surname";s:18:"Приходько";s:10:"patronymic";s:26:"Александрович";s:5:"email";s:11:"m@gmail.com";s:5:"phone";s:12:"380938246066";s:7:"usercat";s:6:"seller";s:7:"company";s:8:"Site&Seo";s:8:"password";s:4:"user";s:7:"country";s:14:"Украина";s:8:"location";s:37:"Запорожская область";s:4:"city";s:18:"Запорожье";}}');

-- --------------------------------------------------------

--
-- Структура таблицы `commit`
--

CREATE TABLE IF NOT EXISTS `commit` (
  `id` int(11) NOT NULL AUTO_INCREMENT,
  `author` varchar(100) NOT NULL,
  `email` varchar(100) NOT NULL,
  `commit` text NOT NULL,
  `stars` int(1) NOT NULL,
  `date` datetime NOT NULL,
  `company_id` int(11) NOT NULL,
  PRIMARY KEY (`id`)
) ENGINE=InnoDB  DEFAULT CHARSET=utf8 AUTO_INCREMENT=8 ;

--
-- Дамп данных таблицы `commit`
--

INSERT INTO `commit` (`id`, `author`, `email`, `commit`, `stars`, `date`, `company_id`) VALUES
(1, 'Maks', 'Maks', 'shfdhdhdfhdfhdf ', 4, '2015-06-19 11:31:27', 2548244),
(2, 'Maks', 'Maks', 'Lorem ipsum dolor sit amet, consectetur adipiscing elit. Mauris ipsum erat, finibus sit amet fringilla id, accumsan sed nisl. \nNulla odio eros, blandit ac metus faucibus, sollicitudin posuere sapien. Maecenas ut convallis arcu. Phasellus at tellus \nsed odio vestibulum sodales in at lacus. Sed commodo metus et sapien pretium, ac sollicitudin enim dignissim. Donec tempus \ndiam et porta aliquam. Ut efficitur sollicitudin diam a accumsan.', 5, '2015-06-19 11:39:22', 2548244),
(4, 'Maks', 'Maks', 'Lorem ipsum dolor sit amet, consectetur adipiscing elit. Mauris ipsum erat, finibus sit amet fringilla id, accumsan sed nisl. Nulla odio eros, blandit ac metus faucibus, sollicitudin posuere sapien. Maecenas ut convallis arcu. Phasellus at tellus sed odio vestibulum sodales in at lacus. Sed commodo metus et sapien pretium, ac sollicitudin enim dignissim. Donec tempus diam et porta aliquam. Ut efficitur sollicitudin diam a accumsan.', 2, '2015-06-19 12:08:42', 2548244),
(5, 'Maks', 'Maks', 'Lorem ipsum dolor sit amet, consectetur adipiscing elit. Mauris ipsum erat, finibus sit amet fringilla id, accumsan sed nisl.', 3, '2015-06-19 12:09:52', 1),
(6, 'Макс', 'Макс', 'Мы команда просто класс - победи попробуй нас', 4, '2015-06-20 15:42:45', 1),
(7, 'Maks', 'Maks', 'чсвампролсмп', 1, '2015-06-25 13:41:51', 2548244);

-- --------------------------------------------------------

--
-- Структура таблицы `fake_comments`
--

CREATE TABLE IF NOT EXISTS `fake_comments` (
  `id` int(11) NOT NULL AUTO_INCREMENT,
  `user_name` varchar(50) NOT NULL,
  `text` text NOT NULL,
  `photo_path` varchar(250) NOT NULL,
  `office` varchar(30) NOT NULL,
  `status` varchar(10) NOT NULL,
  PRIMARY KEY (`id`)
) ENGINE=InnoDB  DEFAULT CHARSET=utf8 AUTO_INCREMENT=3 ;

--
-- Дамп данных таблицы `fake_comments`
--

INSERT INTO `fake_comments` (`id`, `user_name`, `text`, `photo_path`, `office`, `status`) VALUES
(1, 'Maксим Приходько22', 'Nulla odio eros, blandit ac metus faucibus, sollicitudin posuere sapien. Maecenas ut convallis arcu. \n', '../../../img/osHhcpJWyHA.jpg', 'developer222', 'enable'),
(2, 'Александр Притула', 'Lorem ipsum dolor sit amet, consectetur adipiscing elit. Mauris ipsum erat, finibus sit amet fringilla id, accumsan sed nisl. \r\n                                    Nulla odio eros, blandit ac metus faucibus, sollicitudin posuere sapien. Maecenas ut convallis arcu. Phasellus at tellus \r\n                                    sed odio vestibulum sodales in at lacus. Sed commodo metus et sapien pretium, ac sollicitudin enim dignissim. Donec tempus \r\n                                    diam et porta aliquam. Ut efficitur sollicitudin diam a accumsan.', '../../../img/yODbaxarTWA.jpg', 'developer', 'enable');

-- --------------------------------------------------------

--
-- Структура таблицы `focus_products`
--

CREATE TABLE IF NOT EXISTS `focus_products` (
  `id` int(11) NOT NULL AUTO_INCREMENT,
  `name` varchar(250) NOT NULL,
  `status` varchar(10) NOT NULL,
  PRIMARY KEY (`id`)
) ENGINE=InnoDB  DEFAULT CHARSET=utf8 AUTO_INCREMENT=4 ;

--
-- Дамп данных таблицы `focus_products`
--

INSERT INTO `focus_products` (`id`, `name`, `status`) VALUES
(1, 'Промышленные товары', 'enable'),
(2, 'Потребительские товары', 'enable'),
(3, 'Услуги', 'enable');

-- --------------------------------------------------------

--
-- Структура таблицы `locality`
--

CREATE TABLE IF NOT EXISTS `locality` (
  `id` int(11) NOT NULL AUTO_INCREMENT,
  `name` varchar(100) DEFAULT NULL,
  `city_id` int(11) DEFAULT NULL,
  PRIMARY KEY (`id`)
) ENGINE=InnoDB  DEFAULT CHARSET=utf8 AUTO_INCREMENT=2463 ;

--
-- Дамп данных таблицы `locality`
--

INSERT INTO `locality` (`id`, `name`, `city_id`) VALUES
(1, 'Аграрное', 1),
(2, 'Азовское', 1),
(3, 'Алупка', 1),
(4, 'Алушта', 1),
(5, 'Армянск', 1),
(6, 'Аэрофлотский', 1),
(7, 'Багерово', 1),
(8, 'Бахчисарай', 1),
(9, 'Белоглинка', 1),
(10, 'Белогорск', 1),
(11, 'Ближнее', 1),
(12, 'Бондаренково', 1),
(13, 'Вилино', 1),
(14, 'Виноградное', 1),
(15, 'Витино', 1),
(16, 'Войково', 1),
(17, 'Восход', 1),
(18, 'Гаспра', 1),
(19, 'Гвардейское', 1),
(20, 'Геройское', 1),
(21, 'Голубой Залив', 1),
(22, 'Грэсовский', 1),
(23, 'Гурзуф', 1),
(24, 'Далекое', 1),
(25, 'Джанкой', 1),
(26, 'Днепровка', 1),
(27, 'Доброе', 1),
(28, 'Донское', 1),
(29, 'Евпатория', 1),
(30, 'Желябовка', 1),
(31, 'Журавки', 1),
(32, 'Заозерное', 1),
(33, 'Зуя', 1),
(34, 'Калиновка', 1),
(35, 'Каменоломня', 1),
(36, 'Каменское', 1),
(37, 'Карьерное', 1),
(38, 'Кацивели', 1),
(39, 'Кача', 1),
(40, 'Керчь', 1),
(41, 'Кировское', 1),
(42, 'Коктебель', 1),
(43, 'Кольчугино', 1),
(44, 'Комсомольское', 1),
(45, 'Кореиз', 1),
(46, 'Красногвардейское', 1),
(47, 'Краснокаменка', 1),
(48, 'Красноперекопск', 1),
(49, 'Кримское', 1),
(50, 'Куйбышево', 1),
(51, 'Курпаты', 1),
(52, 'Ленино', 1),
(53, 'Ливадия', 1),
(54, 'Мазанка', 1),
(55, 'Малореченское', 1),
(56, 'Малый маяк', 1),
(57, 'Марфовка', 1),
(58, 'Массандра', 1),
(59, 'Межводное', 1),
(60, 'Мирное', 1),
(61, 'Молодежное', 1),
(62, 'Мраморное', 1),
(63, 'Нижнегорский', 1),
(64, 'Никита', 1),
(65, 'Николаевка', 1),
(66, 'Новоозерное', 1),
(67, 'Новоселовское', 1),
(68, 'Новосельское', 1),
(69, 'Новый Свет', 1),
(70, 'Октябрьское', 1),
(71, 'Олива', 1),
(72, 'Орджоникидзе', 1),
(73, 'Ореанда', 1),
(74, 'Орехово', 1),
(75, 'Останино', 1),
(76, 'Отрадное', 1),
(77, 'Парковое', 1),
(78, 'Партенит', 1),
(79, 'Первомайское', 1),
(80, 'Перевальное', 1),
(81, 'Перово', 1),
(82, 'Песчаное', 1),
(83, 'Петровка', 1),
(84, 'Пионерское', 1),
(85, 'Пожарское', 1),
(86, 'Полтавка', 1),
(87, 'Понизовка', 1),
(88, 'Почтовое', 1),
(89, 'Прибрежное', 1),
(90, 'Приветное', 1),
(91, 'Приморский', 1),
(92, 'Приозерное', 1),
(93, 'Раздольное', 1),
(94, 'Родниковое', 1),
(95, 'Роздольное', 1),
(96, 'Садовое', 1),
(97, 'Саки', 1),
(98, 'Санаторное', 1),
(99, 'Сенокосное', 1),
(100, 'Симеиз', 1),
(101, 'Симферополь', 1),
(102, 'Скалистое', 1),
(103, 'Скворцово', 1),
(104, 'Советский', 1),
(105, 'Советское', 1),
(106, 'Соляное', 1),
(107, 'Старый', 1),
(108, 'Судак', 1),
(109, 'Тамбовка', 1),
(110, 'Топольное', 1),
(111, 'Укромное', 1),
(112, 'Феодосия', 1),
(113, 'Фонтаны', 1),
(114, 'Форос', 1),
(115, 'Чайкино', 1),
(116, 'Черноморское', 1),
(117, 'Чистенькое', 1),
(118, 'Чистополье', 1),
(119, 'Чкалово', 1),
(120, 'Щебетовка', 1),
(121, 'Щелкино', 1),
(122, 'Ялта', 1),
(123, 'Янтарное', 1),
(124, 'Ясное', 1),
(125, 'Агрономичное', 2),
(126, 'Бабин', 2),
(127, 'Балки', 2),
(128, 'Бар', 2),
(129, 'Бершадь', 2),
(130, 'Бохоники', 2),
(131, 'Браилов', 2),
(132, 'Брацлав', 2),
(133, 'Бродецкое', 2),
(134, 'В.Киреевка', 2),
(135, 'Вапнярка', 2),
(136, 'Великий мытник', 2),
(137, 'Вендичаны', 2),
(138, 'Вилы', 2),
(139, 'Винница', 2),
(140, 'Винницкие хутора', 2),
(141, 'Войтовка', 2),
(142, 'Вороновица', 2),
(143, 'Вышеольчедаев', 2),
(144, 'Гавришовка', 2),
(145, 'Гайсин', 2),
(146, 'Глуховцы', 2),
(147, 'Гнивань', 2),
(148, 'Гоноривка', 2),
(149, 'Городковка', 2),
(150, 'Дашев', 2),
(151, 'Деребчин', 2),
(152, 'Джурин', 2),
(153, 'Дзыговка', 2),
(154, 'Жабелевка', 2),
(155, 'Ждановка', 2),
(156, 'Жмеринка', 2),
(157, 'Журавлевка', 2),
(158, 'Зарванцы', 2),
(159, 'Иванов', 2),
(160, 'Иллинцы', 2),
(161, 'Ильинцы', 2),
(162, 'Иосиповка', 2),
(163, 'Казатин', 2),
(164, 'Калиновка', 2),
(165, 'Калиновка вторая', 2),
(166, 'Каменногорка', 2),
(167, 'Капустин', 2),
(168, 'Кирнасивка', 2),
(169, 'Клембовка', 2),
(170, 'Ковалевка', 2),
(171, 'Козятин', 2),
(172, 'Копайгород', 2),
(173, 'Корделевка', 2),
(174, 'Красное', 2),
(175, 'Красноселка', 2),
(176, 'Крыжополь', 2),
(177, 'Ладыжин', 2),
(178, 'Липовец', 2),
(179, 'Литин', 2),
(180, 'Лука- мелешковская', 2),
(181, 'Малый мытник', 2),
(182, 'Махаринцы', 2),
(183, 'Михайловка', 2),
(184, 'Могилев-Подольский', 2),
(185, 'Могилевка', 2),
(186, 'Моевка', 2),
(187, 'Мурованые Куриловцы', 2),
(188, 'Некрасово', 2),
(189, 'Немиров', 2),
(190, 'Нестерварка', 2),
(191, 'Ободовка', 2),
(192, 'Оратов', 2),
(193, 'Песчанка', 2),
(194, 'Пещанка', 2),
(195, 'Писаревка', 2),
(196, 'Погребище', 2),
(197, 'Погребище первое', 2),
(198, 'Росоша', 2),
(199, 'Рудница', 2),
(200, 'с. Поповцы', 2),
(201, 'Севериновка', 2),
(202, 'Селище', 2),
(203, 'Ситковцы', 2),
(204, 'Скоморошки', 2),
(205, 'Соболевка', 2),
(206, 'Сокиринцы', 2),
(207, 'Соколец', 2),
(208, 'Соколовка', 2),
(209, 'Сосновка', 2),
(210, 'Стрижавка', 2),
(211, 'Студеная', 2),
(212, 'Сутиски', 2),
(213, 'Теплик', 2),
(214, 'Тиврев', 2),
(215, 'Титусовка', 2),
(216, 'Томашполь', 2),
(217, 'Тростянец', 2),
(218, 'Тульчин', 2),
(219, 'Турбов', 2),
(220, 'Тывров', 2),
(221, 'Тютьки', 2),
(222, 'Удич', 2),
(223, 'Уладовка', 2),
(224, 'Уланов', 2),
(225, 'Хижинцы', 2),
(226, 'Хмельник', 2),
(227, 'Чемерисы-барские', 2),
(228, 'Черневцы', 2),
(229, 'Черномин', 2),
(230, 'Чернятка', 2),
(231, 'Чечельник', 2),
(232, 'Шаргород', 2),
(233, 'Широкая гребля', 2),
(234, 'Шпиков', 2),
(235, 'Юзефо-Николаевка', 2),
(236, 'Якушинцы', 2),
(237, 'Ялтушков', 2),
(238, 'Ямполь', 2),
(239, 'Белин', 3),
(240, 'Берестечко', 3),
(241, 'Боратин', 3),
(242, 'Буцин', 3),
(243, 'Великая глуша', 3),
(244, 'Великий омеляник', 3),
(245, 'Владимир-Волынский', 3),
(246, 'Воля-ковельская', 3),
(247, 'Всеволодовка', 3),
(248, 'Голобы', 3),
(249, 'Городок', 3),
(250, 'Горохов', 3),
(251, 'Горькая полонка', 3),
(252, 'Дедычи', 3),
(253, 'Дерно', 3),
(254, 'Дубечно', 3),
(255, 'Дубовое', 3),
(256, 'Жабка', 3),
(257, 'Жовтневое', 3),
(258, 'Журавичи', 3),
(259, 'Забороль', 3),
(260, 'Залесочье', 3),
(261, 'Замличи', 3),
(262, 'Заречье', 3),
(263, 'Зеленая', 3),
(264, 'Змиенец', 3),
(265, 'Иваничи', 3),
(266, 'Иванычи', 3),
(267, 'Камень-Каширский', 3),
(268, 'Киверцы', 3),
(269, 'Кияж', 3),
(270, 'Ковель', 3),
(271, 'Колки', 3),
(272, 'Коцюры', 3),
(273, 'Крупа', 3),
(274, 'Кульчин', 3),
(275, 'Куснища', 3),
(276, 'Липины', 3),
(277, 'Локачи', 3),
(278, 'Луков', 3),
(279, 'Луцк', 3),
(280, 'Лыще', 3),
(281, 'Любешов', 3),
(282, 'Любитов', 3),
(283, 'Люблинец', 3),
(284, 'Любомль', 3),
(285, 'Маневичи', 3),
(286, 'Марьяновка', 3),
(287, 'Маяки', 3),
(288, 'Несвич', 3),
(289, 'Новая лешня', 3),
(290, 'Нововолынск', 3),
(291, 'Овадное', 3),
(292, 'Озерцо', 3),
(293, 'Олыка', 3),
(294, 'Павловка', 3),
(295, 'Поворск', 3),
(296, 'Подгайцы', 3),
(297, 'Полонка', 3),
(298, 'Проходы', 3),
(299, 'Радомышль', 3),
(300, 'Ракита', 3),
(301, 'Ратно', 3),
(302, 'Ратнов', 3),
(303, 'Рачин', 3),
(304, 'Ровное', 3),
(305, 'Рожище', 3),
(306, 'Рокини', 3),
(307, 'Романов', 3),
(308, 'Сокиричи', 3),
(309, 'Старая Выжевка', 3),
(310, 'Старовойтовое', 3),
(311, 'Староселье', 3),
(312, 'Струмовка', 3),
(313, 'Суск', 3),
(314, 'Тарасово', 3),
(315, 'Тишковичи', 3),
(316, 'Торчин', 3),
(317, 'Турийск', 3),
(318, 'Устилуг', 3),
(319, 'Федоровка', 3),
(320, 'Цумань', 3),
(321, 'Чаруков', 3),
(322, 'Чемерин', 3),
(323, 'Шацк', 3),
(324, 'Шепель', 3),
(325, 'Александрополь', 4),
(326, 'Алексеевка', 4),
(327, 'Андреевка', 4),
(328, 'Апостолово', 4),
(329, 'Аулы', 4),
(330, 'Баловка', 4),
(331, 'Богуслав', 4),
(332, 'Брагиновка', 4),
(333, 'Братское', 4),
(334, 'Валовое', 4),
(335, 'Васильковка', 4),
(336, 'Вербки', 4),
(337, 'Верхнеднепровск', 4),
(338, 'Верховцево', 4),
(339, 'Веселое', 4),
(340, 'Вишневое', 4),
(341, 'Волосское', 4),
(342, 'Вольногорск', 4),
(343, 'Вольное', 4),
(344, 'Выдвиженец', 4),
(345, 'Высшетарасовка', 4),
(346, 'Гвардейское', 4),
(347, 'Голубовка', 4),
(348, 'Горького', 4),
(349, 'Гранитное', 4),
(350, 'Грузское', 4),
(351, 'Губиниха', 4),
(352, 'Гупаловка', 4),
(353, 'Девладово', 4),
(354, 'Дмитровка', 4),
(355, 'Днепровское', 4),
(356, 'Днепродзержинск', 4),
(357, 'Днепропетровск', 4),
(358, 'Дослидное', 4),
(359, 'Елизарово', 4),
(360, 'Жданово', 4),
(361, 'Желтые Воды', 4),
(362, 'Зеленодольск', 4),
(363, 'Златоустовка', 4),
(364, 'Знаменовка', 4),
(365, 'Ивано-яризовка', 4),
(366, 'Илларионово', 4),
(367, 'Ингулец', 4),
(368, 'Каменка', 4),
(369, 'Каменское', 4),
(370, 'Кильчень', 4),
(371, 'Кировка', 4),
(372, 'Кировское', 4),
(373, 'Красногвардейский', 4),
(374, 'Кривбасс', 4),
(375, 'Кривой Рог', 4),
(376, 'Кринички', 4),
(377, 'Куриловка', 4),
(378, 'Лозоватка', 4),
(379, 'Магдалиновка', 4),
(380, 'Майское', 4),
(381, 'Марганец', 4),
(382, 'Марьяновка', 4),
(383, 'Межевая', 4),
(384, 'Межирич', 4),
(385, 'Мелиоративное', 4),
(386, 'Менжинское', 4),
(387, 'Мировое', 4),
(388, 'Мусиевка', 4),
(389, 'Надеждовка', 4),
(390, 'Недайвода', 4),
(391, 'Нива трудовая', 4),
(392, 'Николаевка', 4),
(393, 'Никополь', 4),
(394, 'Новая русь', 4),
(395, 'Новоалександровка', 4),
(396, 'Новоивановка', 4),
(397, 'Новолозоватка', 4),
(398, 'Новомосковск', 4),
(399, 'Новониколаевка', 4),
(400, 'Новополье', 4),
(401, 'Орджоникидзе', 4),
(402, 'Орловщина', 4),
(403, 'Павлоград', 4),
(404, 'Партизанское', 4),
(405, 'Первомайск', 4),
(406, 'Перемога', 4),
(407, 'Перещепино', 4),
(408, 'Першотравенск', 4),
(409, 'Песчанка', 4),
(410, 'Петриковка', 4),
(411, 'Петропавловка', 4),
(412, 'Пивденное', 4),
(413, 'Подгородное', 4),
(414, 'Покровское', 4),
(415, 'Попасное', 4),
(416, 'Приднепрянское', 4),
(417, 'Просяная', 4),
(418, 'Пушкаревка', 4),
(419, 'Пятихатки', 4),
(420, 'Радушное', 4),
(421, 'с. Лозуватка', 4),
(422, 'Синельниково', 4),
(423, 'Славгород', 4),
(424, 'Соленое', 4),
(425, 'Софиевка', 4),
(426, 'Старые кодаки', 4),
(427, 'Сурско-литовское', 4),
(428, 'Таромское', 4),
(429, 'Тепловка', 4),
(430, 'Терновка', 4),
(431, 'Токмаковка', 4),
(432, 'Токовское', 4),
(433, 'Томаковка', 4),
(434, 'Хащевое', 4),
(435, 'Христофоровка', 4),
(436, 'Царичанка', 4),
(437, 'Чаплино', 4),
(438, 'Червоногригоровка', 4),
(439, 'Червоные поды', 4),
(440, 'Чкаловка', 4),
(441, 'Чкалово', 4),
(442, 'Чумаки', 4),
(443, 'Широкое', 4),
(444, 'Шолохово', 4),
(445, 'Юбилейное', 4),
(446, 'Юрьевка', 4),
(447, 'Авдеевка', 5),
(448, 'Александровка', 5),
(449, 'Алексеево-Дружковка', 5),
(450, 'Амвросиевка', 5),
(451, 'Артема', 5),
(452, 'Артемово', 5),
(453, 'Артемовск', 5),
(454, 'Артемовское', 5),
(455, 'Бахмутское', 5),
(456, 'Белая гора', 5),
(457, 'Белицкое', 5),
(458, 'Белозерское', 5),
(459, 'Белокузьминовка', 5),
(460, 'Богоявленка', 5),
(461, 'Былбасовка', 5),
(462, 'Великая Новоселка', 5),
(463, 'Владимировка', 5),
(464, 'Волноваха', 5),
(465, 'Володарское', 5),
(466, 'Георгиевка', 5),
(467, 'Горловка', 5),
(468, 'Горное', 5),
(469, 'Горняк', 5),
(470, 'Горняцкое', 5),
(471, 'Гранитное', 5),
(472, 'Гришино', 5),
(473, 'Дебальцево', 5),
(474, 'Дзержинск', 5),
(475, 'Димитров', 5),
(476, 'Доброполье', 5),
(477, 'Докучаевск', 5),
(478, 'Долина', 5),
(479, 'Долиновка', 5),
(480, 'Донецк', 5),
(481, 'Донецкое', 5),
(482, 'Донское', 5),
(483, 'Дорожное', 5),
(484, 'Дробышево', 5),
(485, 'Дружковка', 5),
(486, 'Енакиево', 5),
(487, 'Ждановка', 5),
(488, 'Заможное', 5),
(489, 'Заря', 5),
(490, 'Зугрэс', 5),
(491, 'Иванополье', 5),
(492, 'Иловайск', 5),
(493, 'Ильича', 5),
(494, 'Ильичовское', 5),
(495, 'Катериновка', 5),
(496, 'Кировское', 5),
(497, 'Кленовка', 5),
(498, 'Комсомольское', 5),
(499, 'Кондратовка', 5),
(500, 'Константиновка', 5),
(501, 'Краматорск', 5),
(502, 'Красная поляна', 5),
(503, 'Красноармейск', 5),
(504, 'Красногоровка', 5),
(505, 'Красное', 5),
(506, 'Красный Лиман', 5),
(507, 'Красный партизан', 5),
(508, 'Крестище', 5),
(509, 'Кураховка', 5),
(510, 'Курахово', 5),
(511, 'Курдюмовка', 5),
(512, 'Кутейниково', 5),
(513, 'Макеевка', 5),
(514, 'Малиновка', 5),
(515, 'Мангуш', 5),
(516, 'Мариуполь', 5),
(517, 'Марково', 5),
(518, 'Марьинка', 5),
(519, 'Мирное', 5),
(520, 'Мироновка', 5),
(521, 'Михайловка', 5),
(522, 'Молодежное', 5),
(523, 'Молодецкое', 5),
(524, 'Моспино', 5),
(525, 'Николаевка', 5),
(526, 'Николайполье', 5),
(527, 'Новгородское', 5),
(528, 'Новоазовск', 5),
(529, 'Новоамвросиевское', 5),
(530, 'Новогродовка', 5),
(531, 'Новодонецкое', 5),
(532, 'Новозарьевка', 5),
(533, 'Новотроицкое', 5),
(534, 'Новоэкономическое', 5),
(535, 'Новый Свет', 5),
(536, 'Ольгинка', 5),
(537, 'Опытное', 5),
(538, 'Очеретино', 5),
(539, 'Пантелеймоновка', 5),
(540, 'Перше травня', 5),
(541, 'Пески', 5),
(542, 'Песчаное', 5),
(543, 'Пискуновка', 5),
(544, 'Предтечино', 5),
(545, 'Приволье', 5),
(546, 'Райгородок', 5),
(547, 'Ровное', 5),
(548, 'Родинское', 5),
(549, 'Сартана', 5),
(550, 'Светлодарск', 5),
(551, 'Святогорск', 5),
(552, 'Северск', 5),
(553, 'Селезневка', 5),
(554, 'Селидово', 5),
(555, 'Славянск', 5),
(556, 'Снежное', 5),
(557, 'Соледар', 5),
(558, 'Спартак', 5),
(559, 'Старобешево', 5),
(560, 'Старомихайловка', 5),
(561, 'Старый крым', 5),
(562, 'Стожково', 5),
(563, 'Тельманово', 5),
(564, 'Торез', 5),
(565, 'Углегорск', 5),
(566, 'Угледар', 5),
(567, 'Удачное', 5),
(568, 'Украинск', 5),
(569, 'Харцызск', 5),
(570, 'Цукурино', 5),
(571, 'Часов Яр', 5),
(572, 'Червоная украина', 5),
(573, 'Черкасское', 5),
(574, 'Шахтерск', 5),
(575, 'Шахтное', 5),
(576, 'Юнокоммунаровск', 5),
(577, 'Юрьевка', 5),
(578, 'Яковлевка', 5),
(579, 'Ялта', 5),
(580, 'Ясиноватая', 5),
(581, 'Андреевка', 6),
(582, 'Андрушевка', 6),
(583, 'Андрушки', 6),
(584, 'Барановка', 6),
(585, 'Белая Криница', 6),
(586, 'Бердичев', 6),
(587, 'Бехи', 6),
(588, 'Билкы', 6),
(589, 'Бондари', 6),
(590, 'Бондаривка', 6),
(591, 'Броницкая Гута', 6),
(592, 'Брусилов', 6),
(593, 'Буймир', 6),
(594, 'Быковка', 6),
(595, 'Быстрик', 6),
(596, 'Васьковичи', 6),
(597, 'Великие Коровинцы', 6),
(598, 'Великие низгорцы', 6),
(599, 'Вересы', 6),
(600, 'Володарск-Волынский', 6),
(601, 'Вышевичи', 6),
(602, 'Ганнополь', 6),
(603, 'Глубочица', 6),
(604, 'Головино', 6),
(605, 'Городница', 6),
(606, 'Горщик', 6),
(607, 'Гришковцы', 6),
(608, 'Грозино', 6),
(609, 'Гуйва', 6),
(610, 'Гульск', 6),
(611, 'Дзержинск', 6),
(612, 'Довбыш', 6),
(613, 'Должик', 6),
(614, 'Дружба', 6),
(615, 'Емильчино', 6),
(616, 'Житомир', 6),
(617, 'Забранное', 6),
(618, 'Заречаны', 6),
(619, 'Ивановка', 6),
(620, 'Иванополь', 6),
(621, 'Ивашковка', 6),
(622, 'Иршанск', 6),
(623, 'Йосиповка', 6),
(624, 'Каменный Брод', 6),
(625, 'Кирданы', 6),
(626, 'Кишин', 6),
(627, 'Кленовая', 6),
(628, 'Клетчин', 6),
(629, 'Корнин', 6),
(630, 'Коростень', 6),
(631, 'Коростышев', 6),
(632, 'Котовка', 6),
(633, 'Кочеров', 6),
(634, 'Кошелевка', 6),
(635, 'Крапивня', 6),
(636, 'Красногорка', 6),
(637, 'Краснополь', 6),
(638, 'Крымок', 6),
(639, 'Ксаверов', 6),
(640, 'Липники', 6),
(641, 'Лугины', 6),
(642, 'Лужин', 6),
(643, 'Любар', 6),
(644, 'Малая Токаровка', 6),
(645, 'Малин', 6),
(646, 'Мамрин', 6),
(647, 'Марьяновка', 6),
(648, 'Мирное', 6),
(649, 'Мирный', 6),
(650, 'Миролюбовка', 6),
(651, 'Мирополь', 6),
(652, 'Народичи', 6),
(653, 'Новая Боровая', 6),
(654, 'Новоград-Волынский', 6),
(655, 'Новогуйвинское', 6),
(656, 'Новоивницкое', 6),
(657, 'Новоозерянка', 6),
(658, 'Новые Белокоровичи', 6),
(659, 'Норинск', 6),
(660, 'Овруч', 6),
(661, 'Озерное', 6),
(662, 'Олевск', 6),
(663, 'Олекс', 6),
(664, 'Олиевка', 6),
(665, 'Ольшанка', 6),
(666, 'Осыково', 6),
(667, 'Парипсы', 6),
(668, 'Перлявка', 6),
(669, 'Першотравенск', 6),
(670, 'Першотравневое', 6),
(671, 'Пилиповичи', 6),
(672, 'Подгородное', 6),
(673, 'Полянка', 6),
(674, 'Попельня', 6),
(675, 'Поромовка', 6),
(676, 'Пристанционное', 6),
(677, 'Пряжов', 6),
(678, 'Радомышль', 6),
(679, 'Романов', 6),
(680, 'Ружин', 6),
(681, 'Рыхальское', 6),
(682, 'с. Михайловка', 6),
(683, 'Сингуры', 6),
(684, 'Слободище', 6),
(685, 'Станишовка', 6),
(686, 'Старый солотвин', 6),
(687, 'Стрижевка', 6),
(688, 'Суслы', 6),
(689, 'Тетеревка', 6),
(690, 'Топильня', 6),
(691, 'Топорище', 6),
(692, 'Ушомир', 6),
(693, 'Ходаки', 6),
(694, 'Червоноармейск', 6),
(695, 'Червоногранитное', 6),
(696, 'Червоное', 6),
(697, 'Черняхов', 6),
(698, 'Чижовка', 6),
(699, 'Чоповичи', 6),
(700, 'Чуднов', 6),
(701, 'Шахворостовка', 6),
(702, 'Швайковка', 6),
(703, 'Щорсовка', 6),
(704, 'Яблонец', 6),
(705, 'Ярунь', 6),
(706, 'Андреевка', 7),
(707, 'Анталовцы', 7),
(708, 'Баранинцы', 7),
(709, 'Барвинок', 7),
(710, 'Батьево', 7),
(711, 'Бедевля', 7),
(712, 'Белки', 7),
(713, 'Берегово', 7),
(714, 'Березово', 7),
(715, 'Богдан', 7),
(716, 'Боронява', 7),
(717, 'Буштыно', 7),
(718, 'Вары', 7),
(719, 'Великая бакта', 7),
(720, 'Великая добронь', 7),
(721, 'Великие лазы', 7),
(722, 'Великие лучки', 7),
(723, 'Великий Березный', 7),
(724, 'Великий Бычков', 7),
(725, 'Верхнее водяное', 7),
(726, 'Виноградов', 7),
(727, 'Водица', 7),
(728, 'Воловец', 7),
(729, 'Вылок', 7),
(730, 'Вышково', 7),
(731, 'Ганичи', 7),
(732, 'Глубокий поток', 7),
(733, 'Горонглаб', 7),
(734, 'Гребля', 7),
(735, 'Грушево', 7),
(736, 'Деловое', 7),
(737, 'Диброва', 7),
(738, 'Добрянское', 7),
(739, 'Долгое', 7),
(740, 'Драгово', 7),
(741, 'Дубовое', 7),
(742, 'Дубриничи', 7),
(743, 'Дулово', 7),
(744, 'Дыйда', 7),
(745, 'Ждениево', 7),
(746, 'Завидово', 7),
(747, 'Задельское', 7),
(748, 'Зняцево', 7),
(749, 'Иза', 7),
(750, 'Ильница', 7),
(751, 'Иршава', 7),
(752, 'Калины', 7),
(753, 'Каменица', 7),
(754, 'Камянское', 7),
(755, 'Квасы', 7),
(756, 'Кендерешов', 7),
(757, 'Кленовец', 7),
(758, 'Ключарки', 7),
(759, 'Кобылецкая поляна', 7),
(760, 'Колочава', 7),
(761, 'Кольчино', 7),
(762, 'Королево', 7),
(763, 'Косовская поляна', 7),
(764, 'Косонь', 7),
(765, 'Куштановица', 7),
(766, 'Лазы', 7),
(767, 'Линцы', 7),
(768, 'Лисичево', 7),
(769, 'Лоза', 7),
(770, 'Луково', 7),
(771, 'Майдан', 7),
(772, 'Малая копаня', 7),
(773, 'Малый березный', 7),
(774, 'Межгорье', 7),
(775, 'Минай', 7),
(776, 'Мужиево', 7),
(777, 'Мукачево', 7),
(778, 'Невицкое', 7),
(779, 'Нересница', 7),
(780, 'Нижнее селище', 7),
(781, 'Нижние ворота', 7),
(782, 'Новое давыдково', 7),
(783, 'Олешник', 7),
(784, 'Ольховцы', 7),
(785, 'Ольховцы-лазы', 7),
(786, 'Павшино', 7),
(787, 'Пацканево', 7),
(788, 'Перечин', 7),
(789, 'Пестрялово', 7),
(790, 'Плоске', 7),
(791, 'Подобовец', 7),
(792, 'Поляна', 7),
(793, 'Попово', 7),
(794, 'Раково', 7),
(795, 'Ракошино', 7),
(796, 'Ратовцы', 7),
(797, 'Рахов', 7),
(798, 'Розовка', 7),
(799, 'Розтоки', 7),
(800, 'Рокосово', 7),
(801, 'Сасово', 7),
(802, 'Свалява', 7),
(803, 'Симерки', 7),
(804, 'Сокирница', 7),
(805, 'Соломоново', 7),
(806, 'Солотвино', 7),
(807, 'Среднее', 7),
(808, 'Среднее водяное', 7),
(809, 'Стеблевка', 7),
(810, 'Страбычово', 7),
(811, 'Сюртэ', 7),
(812, 'Тересва', 7),
(813, 'Терново', 7),
(814, 'Турички', 7),
(815, 'Турьи реметы', 7),
(816, 'Тячев', 7),
(817, 'Угля', 7),
(818, 'Ужгород', 7),
(819, 'Усть-Черна', 7),
(820, 'Фанчиково', 7),
(821, 'Хуст', 7),
(822, 'Чернотисов', 7),
(823, 'Чинадиево', 7),
(824, 'Чома', 7),
(825, 'Чоп', 7),
(826, 'Шаланки', 7),
(827, 'Шенборн', 7),
(828, 'Ясиня', 7),
(829, 'Акимовка', 8),
(830, 'Андреевка', 8),
(831, 'Балабино', 8),
(832, 'Бердянск', 8),
(833, 'Бердянское', 8),
(834, 'Бурчак', 8),
(835, 'Васильевка', 8),
(836, 'Великая Белозерка', 8),
(837, 'Верхний токмак первый', 8),
(838, 'Верхняя криница', 8),
(839, 'Веселое', 8),
(840, 'Владимировское', 8),
(841, 'Вольнянск', 8),
(842, 'Высокогорное', 8),
(843, 'Гуляйполе', 8),
(844, 'Днепрорудное', 8),
(845, 'Долинское', 8),
(846, 'Дружелюбовка', 8),
(847, 'Зализничное', 8),
(848, 'Запорожье', 8),
(849, 'Калиновка', 8),
(850, 'Каменка-Днепровская', 8),
(851, 'Камыш-Заря', 8),
(852, 'Камышеваха', 8),
(853, 'Каневское', 8),
(854, 'Кирилловка', 8),
(855, 'Коза', 8),
(856, 'Константиновка', 8),
(857, 'Куйбышево', 8),
(858, 'Кушугум', 8),
(859, 'Лукашево', 8),
(860, 'Луначарское', 8),
(861, 'Люцерна', 8),
(862, 'Малая токмачка', 8),
(863, 'Малокатериновка', 8),
(864, 'Марьевка', 8),
(865, 'Мелитополь', 8),
(866, 'Мирное', 8),
(867, 'Михайловка', 8),
(868, 'Молочанск', 8),
(869, 'Новобогдановка', 8),
(870, 'Новое запорожье', 8),
(871, 'Новолюбимовка', 8),
(872, 'Новониколаевка', 8),
(873, 'Новопетровка', 8),
(874, 'Орехов', 8),
(875, 'Осипенко', 8),
(876, 'Пологи', 8),
(877, 'Преображенка', 8),
(878, 'Приазовское', 8),
(879, 'Приморск', 8),
(880, 'Пришиб', 8),
(881, 'Розовка', 8),
(882, 'Семеновка', 8),
(883, 'Солнечное', 8),
(884, 'Старопетровка', 8),
(885, 'Степное', 8),
(886, 'Тепличное', 8),
(887, 'Терноватое', 8),
(888, 'Токмак', 8),
(889, 'Червоноднепровка', 8),
(890, 'Черниговка', 8),
(891, 'Шевченково', 8),
(892, 'Широкое', 8),
(893, 'Энергодар', 8),
(894, 'Богородчаны', 9),
(895, 'Боднаров', 9),
(896, 'Болехов', 9),
(897, 'Брошнив', 9),
(898, 'Брошнив-осада', 9),
(899, 'Бурштын', 9),
(900, 'Вербовец', 9),
(901, 'Верхний струтинь', 9),
(902, 'Верховина', 9),
(903, 'Волчинец', 9),
(904, 'Волчковцы', 9),
(905, 'Воронов', 9),
(906, 'Ворохта', 9),
(907, 'Выгода', 9),
(908, 'Гавриловка', 9),
(909, 'Галич', 9),
(910, 'Гвоздец', 9),
(911, 'Герыня', 9),
(912, 'Городенка', 9),
(913, 'Делятин', 9),
(914, 'Демьянов', 9),
(915, 'Джуров', 9),
(916, 'Дзвиняч', 9),
(917, 'Добровляны', 9),
(918, 'Долина', 9),
(919, 'Долишнее залучье', 9),
(920, 'Драгомирчаны', 9),
(921, 'Дуба', 9),
(922, 'Дубовцы', 9),
(923, 'Езуполь', 9),
(924, 'Заболотов', 9),
(925, 'Завалье', 9),
(926, 'Завой', 9),
(927, 'Загвоздье', 9),
(928, 'Заднестрянск', 9),
(929, 'Ивано-Франковск', 9),
(930, 'Ивановка', 9),
(931, 'Калуш', 9),
(932, 'Княжелука', 9),
(933, 'Ковалевка', 9),
(934, 'Коломыя', 9),
(935, 'Корнич', 9),
(936, 'Королевка', 9),
(937, 'Косов', 9),
(938, 'Криховцы', 9),
(939, 'Куты', 9),
(940, 'Ланчин', 9),
(941, 'Лисец', 9),
(942, 'Лолин', 9),
(943, 'Лопушня', 9),
(944, 'Майдан', 9),
(945, 'Малая турья', 9),
(946, 'Микуличин', 9),
(947, 'Надвирна', 9),
(948, 'Надворная', 9),
(949, 'Надиев', 9),
(950, 'Нижний вербиж', 9),
(951, 'Никитинцы', 9),
(952, 'Новица', 9),
(953, 'Новоселица', 9),
(954, 'Новый мизунь', 9),
(955, 'Обертин', 9),
(956, 'Оболонье', 9),
(957, 'Окно', 9),
(958, 'Олешов', 9),
(959, 'Отыния', 9),
(960, 'Павловка', 9),
(961, 'Перерыв', 9),
(962, 'Печенежин', 9),
(963, 'Пнев', 9),
(964, 'Побережье', 9),
(965, 'Подгорье', 9),
(966, 'Подмихайля', 9),
(967, 'Подпечеры', 9),
(968, 'Поляница', 9),
(969, 'Радча', 9),
(970, 'Раковчик', 9),
(971, 'Рогатин', 9),
(972, 'Рожнятов', 9),
(973, 'Саджава', 9),
(974, 'Саджавка', 9),
(975, 'Смодна', 9),
(976, 'Снятин', 9),
(977, 'Снятын', 9),
(978, 'Солотвин', 9),
(979, 'Сопов', 9),
(980, 'Средний бабин', 9),
(981, 'Старый косов', 9),
(982, 'Стопчатов', 9),
(983, 'Татаров', 9),
(984, 'Тисменница', 9),
(985, 'Тлумач', 9),
(986, 'Торговица', 9),
(987, 'Тужилов', 9),
(988, 'Турка', 9),
(989, 'Тысменица', 9),
(990, 'Угорники', 9),
(991, 'Угринов', 9),
(992, 'Устерики', 9),
(993, 'Хриплин', 9),
(994, 'Хутор-Будилов', 9),
(995, 'Цинева', 9),
(996, 'Чернятин', 9),
(997, 'Шешоры', 9),
(998, 'Яблоница', 9),
(999, 'Яблонов', 9),
(1000, 'Ямница', 9),
(1001, 'Яремча', 9),
(1002, 'Александровка', 10),
(1003, 'Бабинцы', 10),
(1004, 'Багрин', 10),
(1005, 'Барышевка', 10),
(1006, 'Безпятное', 10),
(1007, 'Белая Церковь', 10),
(1008, 'Белогородка', 10),
(1009, 'Березань', 10),
(1010, 'Беспечная', 10),
(1011, 'Блиставица', 10),
(1012, 'Богдановка', 10),
(1013, 'Богуслав', 10),
(1014, 'Борисполь', 10),
(1015, 'Боровая', 10),
(1016, 'Бородянка', 10),
(1017, 'Бортничи', 10),
(1018, 'Боярка', 10),
(1019, 'Бровары', 10),
(1020, 'Бузовая', 10),
(1021, 'Буча', 10),
(1022, 'Васильков', 10),
(1023, 'Великие гуляки', 10),
(1024, 'Веприк', 10),
(1025, 'Винницкие ставы', 10),
(1026, 'Вита-почтовая', 10),
(1027, 'Вишневое', 10),
(1028, 'Володарка', 10),
(1029, 'Ворзель', 10),
(1030, 'Вороньков', 10),
(1031, 'Вышгород', 10),
(1032, 'Гатное', 10),
(1033, 'Глеваха', 10),
(1034, 'Гнидын', 10),
(1035, 'Гоголев', 10),
(1036, 'Гореничи', 10),
(1037, 'Горенка', 10),
(1038, 'Городище-Пустоваровка', 10),
(1039, 'Гостомель', 10),
(1040, 'Гребенки', 10),
(1041, 'Григорьевка', 10),
(1042, 'Гуровщина', 10),
(1043, 'Демидов', 10),
(1044, 'Дениховка', 10),
(1045, 'Диброва', 10),
(1046, 'Дмитровка', 10),
(1047, 'Довгалевское', 10),
(1048, 'Дослидницкое', 10),
(1049, 'Дымер', 10),
(1050, 'Жовтневое', 10),
(1051, 'Зазимье', 10),
(1052, 'Згуровка', 10),
(1053, 'Иванков', 10),
(1054, 'Ирпень', 10),
(1055, 'Йосиповка', 10),
(1056, 'Кагарлык', 10),
(1057, 'Калиновка', 10),
(1058, 'Калита', 10),
(1059, 'Капитановка', 10),
(1060, 'Кашперовка', 10),
(1061, 'Клавдиево-Тарасово', 10),
(1062, 'Княжичи', 10),
(1063, 'Кодра', 10),
(1064, 'Кожанка', 10),
(1065, 'Козин', 10),
(1066, 'Королевка', 10),
(1067, 'Коцюбинское', 10),
(1068, 'Красиловка', 10),
(1069, 'Красное', 10),
(1070, 'Крюковщина', 10),
(1071, 'Ксаверовка', 10),
(1072, 'Летки', 10),
(1073, 'Липовка', 10),
(1074, 'Лука', 10),
(1075, 'Лукьяновка', 10),
(1076, 'Макаров', 10),
(1077, 'Малая Вильшанка', 10),
(1078, 'Малая Снитынка', 10),
(1079, 'Малая Супоевка', 10),
(1080, 'Мартусовка', 10),
(1081, 'Мархаловка', 10),
(1082, 'Мироновка', 10),
(1083, 'Мотыжин', 10),
(1084, 'Музычи', 10),
(1085, 'Мыла', 10),
(1086, 'Небелица', 10),
(1087, 'Недра', 10),
(1088, 'Немешаево', 10),
(1089, 'Низшая дубечня', 10),
(1090, 'Новоселки', 10),
(1091, 'Новые безрадичи', 10),
(1092, 'Новые петровцы', 10),
(1093, 'Обухов', 10),
(1094, 'Озирне', 10),
(1095, 'Паляничинцы', 10),
(1096, 'Переяслав-Хмельницкий', 10),
(1097, 'Песковка', 10),
(1098, 'Петровское', 10),
(1099, 'Петропавловская Борщаговка', 10),
(1100, 'Петрушки', 10),
(1101, 'Пилиповка', 10),
(1102, 'Пилипча', 10),
(1103, 'Плесецкое', 10),
(1104, 'Погребы', 10),
(1105, 'Подгорцы', 10),
(1106, 'Полесское', 10),
(1107, 'Пологи-вергуны', 10),
(1108, 'Пролиски', 10),
(1109, 'Процев', 10),
(1110, 'Пустоваровка', 10),
(1111, 'Пуховка', 10),
(1112, 'Ракитное', 10),
(1113, 'Ржищев', 10),
(1114, 'Рогозов', 10),
(1115, 'Рожны', 10),
(1116, 'Росава', 10),
(1117, 'Роскошная', 10),
(1118, 'Рославичи', 10),
(1119, 'Саливонки', 10),
(1120, 'Самгородок', 10),
(1121, 'Свитанок', 10),
(1122, 'Семиполки', 10),
(1123, 'Сеньковка', 10),
(1124, 'Синяк', 10),
(1125, 'Ситняки', 10),
(1126, 'Сквира', 10),
(1127, 'Славутич', 10),
(1128, 'Софиевская Борщаговка', 10),
(1129, 'Ставище', 10),
(1130, 'Стайки', 10),
(1131, 'Старое', 10),
(1132, 'Старые петровцы', 10),
(1133, 'Стоянка', 10),
(1134, 'Тарасовка', 10),
(1135, 'Тараща', 10),
(1136, 'Терезино', 10),
(1137, 'Тетиев', 10),
(1138, 'Требухов', 10),
(1139, 'Узин', 10),
(1140, 'Украинка', 10),
(1141, 'Устимовка', 10),
(1142, 'Фастов', 10),
(1143, 'Фесюри', 10),
(1144, 'Фурсы', 10),
(1145, 'Ходосовка', 10),
(1146, 'Хотов', 10),
(1147, 'Чабаны', 10),
(1148, 'Червоная слобода', 10),
(1149, 'Чернобыль', 10),
(1150, 'Черногородка', 10),
(1151, 'Чубинское', 10),
(1152, 'Шамраевка', 10),
(1153, 'Шибене', 10),
(1154, 'Шкаровка', 10),
(1155, 'Щасливое', 10),
(1156, 'Юрковка', 10),
(1157, 'Юровка с.', 10),
(1158, 'Яготин', 10),
(1159, 'Ясногородка', 10),
(1160, 'Киев', 10),
(1161, 'Аджамка', 11),
(1162, 'Александрия', 11),
(1163, 'Александровка', 11),
(1164, 'Бережинка', 11),
(1165, 'Бобринец', 11),
(1166, 'Богдановка', 11),
(1167, 'Большая Виска', 11),
(1168, 'Великая северинка', 11),
(1169, 'Вельшанка', 11),
(1170, 'Верблюжка', 11),
(1171, 'Веремеевка', 11),
(1172, 'Витязевка', 11),
(1173, 'Владимировка', 11),
(1174, 'Власовка', 11),
(1175, 'Войновка', 11),
(1176, 'Гайворон', 11),
(1177, 'Голованевск', 11),
(1178, 'Головковка', 11),
(1179, 'Горный', 11),
(1180, 'Гостинное', 11),
(1181, 'Грушка', 11),
(1182, 'Девичье поле', 11),
(1183, 'Дериевка', 11),
(1184, 'Димитрово', 11),
(1185, 'Добровеличковка', 11),
(1186, 'Долинская', 11),
(1187, 'Елизаветградка', 11),
(1188, 'Завалье', 11),
(1189, 'Знаменка', 11),
(1190, 'Золотаревка', 11),
(1191, 'Ивано-Благодатное', 11),
(1192, 'Калантаев', 11),
(1193, 'Калмазово', 11),
(1194, 'Камбурлиевка', 11),
(1195, 'Каменный мост', 11),
(1196, 'Капитановка', 11),
(1197, 'Катериновка', 11),
(1198, 'Кировоград', 11),
(1199, 'Клинцы', 11),
(1200, 'Компанеевка', 11),
(1201, 'Константиновка', 11),
(1202, 'Косовка', 11),
(1203, 'Красноселка', 11),
(1204, 'Лекаревка', 11),
(1205, 'Липняжка', 11),
(1206, 'Листопадово', 11),
(1207, 'Малая Виска', 11),
(1208, 'Межиричка', 11),
(1209, 'Михайловка', 11),
(1210, 'Молодежное', 11),
(1211, 'Неопалимовка', 11),
(1212, 'Новая прага', 11),
(1213, 'Новгородка', 11),
(1214, 'Новоалександровка', 11),
(1215, 'Новоархангельск', 11),
(1216, 'Новое', 11),
(1217, 'Новомиргород', 11),
(1218, 'Новоолександровка', 11),
(1219, 'Новоукраинка', 11),
(1220, 'Обозновка', 11),
(1221, 'Одая', 11),
(1222, 'Ольшанка', 11),
(1223, 'Оникеево', 11),
(1224, 'Онуфриевка', 11),
(1225, 'Павловка', 11),
(1226, 'Павлыш', 11),
(1227, 'Первозвановка', 11),
(1228, 'Перегоновка', 11),
(1229, 'Петрово', 11),
(1230, 'Плетеный ташлык', 11),
(1231, 'Побугское', 11),
(1232, 'Подгайцы', 11),
(1233, 'Помошная', 11),
(1234, 'Приютовка', 11),
(1235, 'Протопоповка', 11),
(1236, 'Ровное', 11),
(1237, 'Роскошное', 11),
(1238, 'Сальково', 11),
(1239, 'Светловодск', 11),
(1240, 'Смолино', 11),
(1241, 'Созоновка', 11),
(1242, 'Соколовское', 11),
(1243, 'Субботцы', 11),
(1244, 'Счастливое', 11),
(1245, 'Треповка', 11),
(1246, 'Ульяновка', 11),
(1247, 'Устиновка', 11),
(1248, 'Хащеватое', 11),
(1249, 'Ходоров', 11),
(1250, 'Цибулево', 11),
(1251, 'Червоная каменка', 11),
(1252, 'Червоный кут', 11),
(1253, 'Черняховка', 11),
(1254, 'Шестаковка', 11),
(1255, 'Александровка', 12),
(1256, 'Александровск', 12),
(1257, 'Алмазная', 12),
(1258, 'Алчевск', 12),
(1259, 'Антрацит', 12),
(1260, 'Артемовск', 12),
(1261, 'Байрачки', 12),
(1262, 'Беловодск', 12),
(1263, 'Белое', 12),
(1264, 'Белокуракино', 12),
(1265, 'Белореченский', 12),
(1266, 'Бобриково', 12),
(1267, 'Боброво', 12),
(1268, 'Боровеньки', 12),
(1269, 'Боровское', 12),
(1270, 'Брянка', 12),
(1271, 'Валуйское', 12),
(1272, 'Вахрушево', 12),
(1273, 'Великоцк', 12),
(1274, 'Вергулевка', 12),
(1275, 'Вишневое', 12),
(1276, 'Войтово', 12),
(1277, 'Володарск', 12),
(1278, 'Глубокий', 12),
(1279, 'Горское', 12),
(1280, 'Дзержинский', 12),
(1281, 'Дзержинское', 12),
(1282, 'Дубовский', 12),
(1283, 'Есауловка', 12),
(1284, 'Зимогорье', 12),
(1285, 'Золотое', 12),
(1286, 'Зоринск', 12),
(1287, 'Ивановка', 12),
(1288, 'Карпаты', 12),
(1289, 'Кировск', 12),
(1290, 'Кленовый', 12),
(1291, 'Комиссаровка', 12),
(1292, 'Краснодон', 12),
(1293, 'Краснолучский', 12),
(1294, 'Краснореченское', 12),
(1295, 'Красный Луч', 12),
(1296, 'Кременная', 12),
(1297, 'Крепенский', 12),
(1298, 'Лесная дача', 12),
(1299, 'Лесное', 12),
(1300, 'Лисичанск', 12),
(1301, 'Лозовский', 12),
(1302, 'Луганск', 12),
(1303, 'Лутугино', 12),
(1304, 'Марковка', 12),
(1305, 'Меловое', 12),
(1306, 'Миусинск', 12),
(1307, 'Молодогвардейск', 12),
(1308, 'Муратово', 12),
(1309, 'Нещеретово', 12),
(1310, 'Нижний нагольчик', 12),
(1311, 'Новоайдар', 12),
(1312, 'Новодарьевка', 12),
(1313, 'Новодружеск', 12),
(1314, 'Новопсков', 12),
(1315, 'Ольховое', 12),
(1316, 'Орджоникидзе', 12),
(1317, 'Ореховка', 12),
(1318, 'Первомайск', 12),
(1319, 'Перевальск', 12),
(1320, 'Петровка', 12),
(1321, 'Петровское', 12),
(1322, 'Покровское', 12),
(1323, 'Половинкино', 12),
(1324, 'Попасная', 12),
(1325, 'Приволье', 12),
(1326, 'Пролетарский', 12),
(1327, 'Рафайловка', 12),
(1328, 'Ровеньки', 12),
(1329, 'Родаково', 12),
(1330, 'Рубежное', 12),
(1331, 'Самсоновка', 12),
(1332, 'Сватово', 12),
(1333, 'Свердловск', 12),
(1334, 'Северодонецк', 12),
(1335, 'Семейкино', 12),
(1336, 'Славяносербск', 12),
(1337, 'Софиевский', 12),
(1338, 'Станично-Луганское', 12),
(1339, 'Старобельск', 12),
(1340, 'Стаханов', 12),
(1341, 'Суходольск', 12),
(1342, 'Счастье', 12),
(1343, 'Теплогорск', 12),
(1344, 'Тошковка', 12),
(1345, 'Троицкое', 12),
(1346, 'Успенка', 12),
(1347, 'Фащевка', 12),
(1348, 'Фрунзе', 12),
(1349, 'Хрящеватое', 12),
(1350, 'Червонопартизанск', 12),
(1351, 'Чмыровка', 12),
(1352, 'Шахтерское', 12),
(1353, 'Юбилейное', 12),
(1354, 'Южная ломоватка', 12),
(1355, 'Юрьевка', 12),
(1356, 'Ясеновский', 12),
(1357, 'Баня лысовицкая', 13),
(1358, 'Басовка', 13),
(1359, 'Белз', 13),
(1360, 'Березина', 13),
(1361, 'Бисковичи', 13),
(1362, 'Бобрка', 13),
(1363, 'Борислав', 13),
(1364, 'Борки', 13),
(1365, 'Броды', 13),
(1366, 'Брюховичи', 13),
(1367, 'Буск', 13),
(1368, 'Бучалы', 13),
(1369, 'Ваньковичи', 13),
(1370, 'Великая горожанка', 13),
(1371, 'Великие Глебовичи', 13),
(1372, 'Великие Мосты', 13),
(1373, 'Великий Любень', 13),
(1374, 'Великое колодно', 13),
(1375, 'Великоселки', 13),
(1376, 'Верхнее синевидное', 13),
(1377, 'Винники', 13),
(1378, 'Воля-бартатовская', 13),
(1379, 'Воля-высоцкая', 13),
(1380, 'Вороняки', 13),
(1381, 'Вузлове', 13),
(1382, 'Выбрановка', 13),
(1383, 'Глиняны', 13),
(1384, 'Горишний', 13),
(1385, 'Горное', 13),
(1386, 'Горняк', 13),
(1387, 'Городок', 13),
(1388, 'Гостинцово', 13),
(1389, 'Грабовец', 13),
(1390, 'Гребенов', 13),
(1391, 'Гряда', 13),
(1392, 'Давыдов', 13),
(1393, 'Дашава', 13),
(1394, 'Добромиль', 13),
(1395, 'Добротвор', 13),
(1396, 'Добряны', 13),
(1397, 'Дрогобыч', 13),
(1398, 'Дубина', 13),
(1399, 'Дубляны', 13),
(1400, 'Дулибы', 13),
(1401, 'Жвирка', 13),
(1402, 'Жидачев', 13),
(1403, 'Жолква', 13),
(1404, 'Жулин', 13),
(1405, 'Загорное', 13),
(1406, 'Запытов', 13),
(1407, 'Зелив', 13),
(1408, 'Зимняя Вода', 13),
(1409, 'Золочев', 13),
(1410, 'Зоротовичи', 13),
(1411, 'Зубра', 13),
(1412, 'Ивано-Франково', 13),
(1413, 'Калинов', 13),
(1414, 'Каменка-Бугская', 13),
(1415, 'Керница', 13),
(1416, 'Комарно', 13),
(1417, 'Конопница', 13),
(1418, 'Корничи', 13),
(1419, 'Коропуж', 13),
(1420, 'Коростов', 13),
(1421, 'Корчев', 13),
(1422, 'Краковец', 13),
(1423, 'Красное', 13),
(1424, 'Куликов', 13),
(1425, 'Куровичи', 13),
(1426, 'Лапаевка', 13),
(1427, 'Лешня', 13),
(1428, 'Лисиничи', 13),
(1429, 'Лопатин', 13),
(1430, 'Луки', 13),
(1431, 'Львов', 13),
(1432, 'Любинцы', 13),
(1433, 'Любша', 13),
(1434, 'Мавковичи', 13),
(1435, 'Малехов', 13),
(1436, 'Малые Подлески', 13),
(1437, 'Мальчицы', 13),
(1438, 'Мервичи', 13),
(1439, 'Миклашев', 13),
(1440, 'Моршин', 13),
(1441, 'Мостиска', 13),
(1442, 'Мурованое', 13),
(1443, 'Навария', 13),
(1444, 'Нагорное', 13),
(1445, 'Надыбы', 13),
(1446, 'Надычи', 13),
(1447, 'Немиров', 13),
(1448, 'Нижняя яблонька', 13),
(1449, 'Николаев', 13),
(1450, 'Новояворовск', 13),
(1451, 'Новый Роздол', 13),
(1452, 'Новый ярычев', 13),
(1453, 'Оброшино', 13),
(1454, 'Олесько', 13),
(1455, 'Опоры', 13),
(1456, 'Остров', 13),
(1457, 'Павлов', 13),
(1458, 'Перемышляны', 13),
(1459, 'Пидбирцы', 13),
(1460, 'Повитное', 13),
(1461, 'Подберезцы', 13),
(1462, 'Подбуж', 13),
(1463, 'Подгородное', 13),
(1464, 'Подкамень', 13),
(1465, 'Подорожное', 13),
(1466, 'Прибужаны', 13),
(1467, 'Пукеничи', 13),
(1468, 'Пустомыты', 13),
(1469, 'Рава-Русская', 13),
(1470, 'Радехов', 13),
(1471, 'Розвадов', 13),
(1472, 'Розгирче', 13),
(1473, 'Роздол', 13),
(1474, 'Росохач', 13),
(1475, 'Рудки', 13),
(1476, 'Рудно', 13),
(1477, 'Рыхтичи', 13),
(1478, 'Самбор', 13),
(1479, 'Семеновка', 13),
(1480, 'Сколе', 13),
(1481, 'Славское', 13),
(1482, 'Слободка', 13),
(1483, 'Сокаль', 13),
(1484, 'Сокольники', 13),
(1485, 'Солонка', 13),
(1486, 'Сосновка', 13),
(1487, 'Старое село', 13),
(1488, 'Старый Самбор', 13),
(1489, 'Старый ярычев', 13),
(1490, 'Стебник', 13),
(1491, 'Сторонибабы', 13),
(1492, 'Страдч', 13),
(1493, 'Страшевичи', 13),
(1494, 'Стрый', 13),
(1495, 'Судовая вишня', 13),
(1496, 'Сходница', 13),
(1497, 'Тростянец', 13),
(1498, 'Трускавец', 13),
(1499, 'Турка', 13),
(1500, 'Угнев', 13),
(1501, 'Хирев', 13),
(1502, 'Хишевичи', 13),
(1503, 'Ходовичи', 13),
(1504, 'Ходоров', 13),
(1505, 'Холодноводка', 13),
(1506, 'Червоноград', 13),
(1507, 'Черляны', 13),
(1508, 'Чуква', 13),
(1509, 'Шабельня', 13),
(1510, 'Шкло', 13),
(1511, 'Щирец', 13),
(1512, 'Яворов', 13),
(1513, 'Ямполь', 13),
(1514, 'Ясеновцы', 13),
(1515, 'Агрономия', 14),
(1516, 'Арбузинка', 14),
(1517, 'Баловное', 14),
(1518, 'Бандурка', 14),
(1519, 'Бармашово', 14),
(1520, 'Баштанка', 14),
(1521, 'Березанка', 14),
(1522, 'Березнеговатое', 14),
(1523, 'Братское', 14),
(1524, 'Бугское', 14),
(1525, 'Веселиново', 14),
(1526, 'Весняное', 14),
(1527, 'Вознесенск', 14),
(1528, 'Воскресенск', 14),
(1529, 'Врадиевка', 14),
(1530, 'Гороховка', 14),
(1531, 'Доманевка', 14),
(1532, 'Еланец', 14),
(1533, 'Кавуны', 14),
(1534, 'Казанка', 14),
(1535, 'Каменный Мост', 14),
(1536, 'Коблево', 14),
(1537, 'Коларовка', 14),
(1538, 'Константиновка', 14),
(1539, 'Красное', 14),
(1540, 'Кривое Озеро', 14),
(1541, 'Кумари', 14),
(1542, 'Лиманы', 14),
(1543, 'Луч', 14),
(1544, 'Матиясово', 14),
(1545, 'Мешково-погорелово', 14),
(1546, 'Михайловка', 14),
(1547, 'Мостовое', 14),
(1548, 'Николаев', 14),
(1549, 'Николаевка', 14),
(1550, 'Николаевское', 14),
(1551, 'Новая Одесса', 14),
(1552, 'Новопетровское', 14),
(1553, 'Новоукраинка', 14),
(1554, 'Новый Буг', 14),
(1555, 'Ольшанское', 14),
(1556, 'Очаков', 14),
(1557, 'Первомайск', 14),
(1558, 'Пересадовка', 14),
(1559, 'Першотравневое', 14),
(1560, 'Петровка', 14),
(1561, 'Подгородная', 14),
(1562, 'Прибугское', 14),
(1563, 'Прибужье', 14),
(1564, 'Ровное', 14),
(1565, 'Рыбаковка', 14),
(1566, 'с. Воссиятское', 14),
(1567, 'Сливино', 14),
(1568, 'Снигиревка', 14),
(1569, 'Шевченково', 14),
(1570, 'Южноукраинск', 14),
(1571, 'Авангард', 15),
(1572, 'Александровка', 15),
(1573, 'Ананьев', 15),
(1574, 'Арциз', 15),
(1575, 'Балта', 15),
(1576, 'Белгород-Днестровский', 15),
(1577, 'Белино', 15),
(1578, 'Беляевка', 15),
(1579, 'Березино', 15),
(1580, 'Березовка', 15),
(1581, 'Болград', 15),
(1582, 'Борщи', 15),
(1583, 'Бритовка', 15),
(1584, 'Бурлача балка', 15),
(1585, 'Великая Михайловка', 15),
(1586, 'Великодолинское', 15),
(1587, 'Визирка', 15),
(1588, 'Вилково', 15),
(1589, 'Выгода', 15),
(1590, 'Григоровка', 15),
(1591, 'Дзинилор', 15),
(1592, 'Еремеевка', 15),
(1593, 'Жеребково', 15),
(1594, 'Загнитков', 15),
(1595, 'Затишье', 15),
(1596, 'Затока', 15),
(1597, 'Ивановка', 15),
(1598, 'Измаил', 15),
(1599, 'Ильичевка', 15),
(1600, 'Ильичевск', 15),
(1601, 'Исаево', 15),
(1602, 'Каролино-бугаз', 15),
(1603, 'Килия', 15),
(1604, 'Кирнички', 15),
(1605, 'Кодыма', 15),
(1606, 'Коминтерновское', 15),
(1607, 'Котовка', 15),
(1608, 'Котовск', 15),
(1609, 'Красноселка', 15),
(1610, 'Красные Окны', 15),
(1611, 'Кремидовка', 15),
(1612, 'Криничное', 15),
(1613, 'Крыжановка', 15),
(1614, 'Ланна', 15),
(1615, 'Ларжанка', 15),
(1616, 'Лиманское', 15),
(1617, 'Любашевка', 15),
(1618, 'Малодолинское', 15),
(1619, 'Маяки', 15),
(1620, 'Мизикевича', 15),
(1621, 'Молодежное', 15),
(1622, 'Нерубайское', 15),
(1623, 'Николаевка', 15),
(1624, 'Новая долина', 15),
(1625, 'Новая дофиновка', 15),
(1626, 'Новая некрасовка', 15),
(1627, 'Новоборисовка', 15),
(1628, 'Новые беляры', 15),
(1629, 'Овидиополь', 15),
(1630, 'Одесса', 15),
(1631, 'Ониськово', 15),
(1632, 'Петровка', 15),
(1633, 'Петродолинское', 15),
(1634, 'Платоново', 15),
(1635, 'Прилиманское', 15),
(1636, 'Радостное', 15),
(1637, 'Раздельная', 15),
(1638, 'Рени', 15),
(1639, 'Саврань', 15),
(1640, 'Салганы', 15),
(1641, 'Сарата', 15),
(1642, 'Сафьяны', 15),
(1643, 'Сергеевка', 15),
(1644, 'Словяносербка', 15);
INSERT INTO `locality` (`id`, `name`, `city_id`) VALUES
(1645, 'Старая некрасовка', 15),
(1646, 'Суворово', 15),
(1647, 'Сычавка', 15),
(1648, 'Табаки', 15),
(1649, 'Таирово', 15),
(1650, 'Тарутино', 15),
(1651, 'Татарбунары', 15),
(1652, 'Теплодар', 15),
(1653, 'Усатово', 15),
(1654, 'Фонтанка', 15),
(1655, 'Фрунзовка', 15),
(1656, 'Хлебодарское', 15),
(1657, 'Холодная балка', 15),
(1658, 'Червоноармейское', 15),
(1659, 'Черноморское', 15),
(1660, 'Шабо', 15),
(1661, 'Шевченково', 15),
(1662, 'Ширяево', 15),
(1663, 'Южный', 15),
(1664, 'Абазовка', 16),
(1665, 'Артемовка', 16),
(1666, 'Белики', 16),
(1667, 'Биологичное', 16),
(1668, 'Божковское', 16),
(1669, 'Борки', 16),
(1670, 'Бутенки', 16),
(1671, 'Великая Багачка', 16),
(1672, 'Великая круча', 16),
(1673, 'Великие крынки', 16),
(1674, 'Верхняя Мануйловка', 16),
(1675, 'Гадяч', 16),
(1676, 'Галяво', 16),
(1677, 'Глобино', 16),
(1678, 'Гоголево', 16),
(1679, 'Гожулы', 16),
(1680, 'Горбаневка', 16),
(1681, 'Градижск', 16),
(1682, 'Гребенка', 16),
(1683, 'Дашковка', 16),
(1684, 'Диканька', 16),
(1685, 'Жовтневое', 16),
(1686, 'Зализничное', 16),
(1687, 'Засулье', 16),
(1688, 'Зеньков', 16),
(1689, 'Калайдинцы', 16),
(1690, 'Камышня', 16),
(1691, 'Карловка', 16),
(1692, 'Кобеляки', 16),
(1693, 'Ковалевка', 16),
(1694, 'Козельщина', 16),
(1695, 'Комсомольск', 16),
(1696, 'Копылы', 16),
(1697, 'Котельва', 16),
(1698, 'Кременчуг', 16),
(1699, 'Кротенки', 16),
(1700, 'Лазорки', 16),
(1701, 'Ланна', 16),
(1702, 'Лелюховка', 16),
(1703, 'Лохвица', 16),
(1704, 'Лубны', 16),
(1705, 'Лутовиновка', 16),
(1706, 'Марьяновка', 16),
(1707, 'Машевка', 16),
(1708, 'Миргород', 16),
(1709, 'Млыны', 16),
(1710, 'Нехвороща', 16),
(1711, 'Новая Галещина', 16),
(1712, 'Новоаврамовка', 16),
(1713, 'Новоореховка', 16),
(1714, 'Новооржицкое', 16),
(1715, 'Новые Санжары', 16),
(1716, 'Озера', 16),
(1717, 'Онишки', 16),
(1718, 'Опошня', 16),
(1719, 'Ореховка', 16),
(1720, 'Оржица', 16),
(1721, 'Пески', 16),
(1722, 'Песчаное', 16),
(1723, 'Петровка-роменская', 16),
(1724, 'Пирятин', 16),
(1725, 'Покровская богачка', 16),
(1726, 'Полтава', 16),
(1727, 'Поповка', 16),
(1728, 'Потоки', 16),
(1729, 'Пришиб', 16),
(1730, 'Радянское', 16),
(1731, 'Ракитное', 16),
(1732, 'Рассошенцы', 16),
(1733, 'Решетиловка', 16),
(1734, 'Светлогорское', 16),
(1735, 'Святиловка', 16),
(1736, 'Селещина', 16),
(1737, 'Семеновка', 16),
(1738, 'Терешки', 16),
(1739, 'Устивица', 16),
(1740, 'Халтурино', 16),
(1741, 'Хорол', 16),
(1742, 'Червонозаводское', 16),
(1743, 'Чернухи', 16),
(1744, 'Чечелево', 16),
(1745, 'Чутово', 16),
(1746, 'Шишаки', 16),
(1747, 'Шкурупиевка', 16),
(1748, 'Щербани', 16),
(1749, 'Яреськи', 16),
(1750, 'Антоновка', 17),
(1751, 'Антополь', 17),
(1752, 'Бабин', 17),
(1753, 'Базальтовое', 17),
(1754, 'Белая криница', 17),
(1755, 'Березно', 17),
(1756, 'Берестовец', 17),
(1757, 'Большой Олексин', 17),
(1758, 'Бугаевка', 17),
(1759, 'Бугрин', 17),
(1760, 'Быстричи', 17),
(1761, 'Варковичи', 17),
(1762, 'Великая омеляна', 17),
(1763, 'Великий алексин', 17),
(1764, 'Великий житин', 17),
(1765, 'Вересневое', 17),
(1766, 'Верхов', 17),
(1767, 'Владимирец', 17),
(1768, 'Высоцк', 17),
(1769, 'Городок', 17),
(1770, 'Гоща', 17),
(1771, 'Гранитное', 17),
(1772, 'Демидовка', 17),
(1773, 'Деражное', 17),
(1774, 'Дубно', 17),
(1775, 'Дубровица', 17),
(1776, 'Дубы', 17),
(1777, 'Жовтневое', 17),
(1778, 'Заречное', 17),
(1779, 'Заря', 17),
(1780, 'Здолбунов', 17),
(1781, 'Зирне', 17),
(1782, 'Иванчи', 17),
(1783, 'Квасилов', 17),
(1784, 'Клевань', 17),
(1785, 'Клесов', 17),
(1786, 'Козин', 17),
(1787, 'Колоденка', 17),
(1788, 'Константиновка', 17),
(1789, 'Корец', 17),
(1790, 'Корнин', 17),
(1791, 'Корысть', 17),
(1792, 'Костополь', 17),
(1793, 'Котов', 17),
(1794, 'Кузнецовск', 17),
(1795, 'Кустин', 17),
(1796, 'Малый шпаков', 17),
(1797, 'Мизоч', 17),
(1798, 'Млинов', 17),
(1799, 'Могиляны', 17),
(1800, 'Моквин', 17),
(1801, 'Мутвица', 17),
(1802, 'Новая Любомирка', 17),
(1803, 'Новомалин', 17),
(1804, 'Новый корец', 17),
(1805, 'Обаров', 17),
(1806, 'Оженин', 17),
(1807, 'Орвяница', 17),
(1808, 'Оржев', 17),
(1809, 'Остки', 17),
(1810, 'Острог', 17),
(1811, 'Острожец', 17),
(1812, 'Радывылив', 17),
(1813, 'Радыжево', 17),
(1814, 'Рафаловка', 17),
(1815, 'Рачин', 17),
(1816, 'Ровно', 17),
(1817, 'Рокитное', 17),
(1818, 'Сарны', 17),
(1819, 'Селище', 17),
(1820, 'Смыга', 17),
(1821, 'Солонив', 17),
(1822, 'Сосновое', 17),
(1823, 'Степань', 17),
(1824, 'Тараканов', 17),
(1825, 'Томашгород', 17),
(1826, 'Удрицк', 17),
(1827, 'Хиночи', 17),
(1828, 'Шпанов', 17),
(1829, 'Шубков', 17),
(1830, 'Ясногорка', 17),
(1831, 'Алтыновка', 18),
(1832, 'Андрияшивка', 18),
(1833, 'Ахтырка', 18),
(1834, 'Баничи', 18),
(1835, 'Беловоды', 18),
(1836, 'Белополье', 18),
(1837, 'Береза', 18),
(1838, 'Богдановка', 18),
(1839, 'Боромля', 18),
(1840, 'Будивельное', 18),
(1841, 'Будилка', 18),
(1842, 'Буймеровка', 18),
(1843, 'Бурынь', 18),
(1844, 'Великая Писаревка', 18),
(1845, 'Великая чернеччина', 18),
(1846, 'Великие вильмы', 18),
(1847, 'Верхняя сыроватка', 18),
(1848, 'Ворожба', 18),
(1849, 'Воронеж', 18),
(1850, 'Вязовое', 18),
(1851, 'Герасимовка', 18),
(1852, 'Глухов', 18),
(1853, 'Грязное', 18),
(1854, 'Дружба', 18),
(1855, 'Дубовязовка', 18),
(1856, 'Жовтневое', 18),
(1857, 'Зеленый гай', 18),
(1858, 'Кириковка', 18),
(1859, 'Кияница', 18),
(1860, 'Конотоп', 18),
(1861, 'Краснополье', 18),
(1862, 'Кролевец', 18),
(1863, 'Куяновка', 18),
(1864, 'Лебедин', 18),
(1865, 'Липовая Долина', 18),
(1866, 'Малая павловка', 18),
(1867, 'Межирич', 18),
(1868, 'Мезеновка', 18),
(1869, 'Мироновка', 18),
(1870, 'Михайловское', 18),
(1871, 'Недригайлов', 18),
(1872, 'Низы', 18),
(1873, 'Ольшана', 18),
(1874, 'Перекрестовка', 18),
(1875, 'Пироговка', 18),
(1876, 'Плавинище', 18),
(1877, 'Пологи', 18),
(1878, 'Поповка', 18),
(1879, 'Путивль', 18),
(1880, 'Ромны', 18),
(1881, 'Руднево', 18),
(1882, 'Сад', 18),
(1883, 'Самотоевка', 18),
(1884, 'Свесса', 18),
(1885, 'Середина-Буда', 18),
(1886, 'Слобода', 18),
(1887, 'Смелое', 18),
(1888, 'Собич', 18),
(1889, 'Солнечное', 18),
(1890, 'Старая ивановка', 18),
(1891, 'Степановка', 18),
(1892, 'Стецковка', 18),
(1893, 'Сумы', 18),
(1894, 'Терны', 18),
(1895, 'Томашовка', 18),
(1896, 'Тростянец', 18),
(1897, 'Угроеды', 18),
(1898, 'Хотень', 18),
(1899, 'Червоное', 18),
(1900, 'Чупаховка', 18),
(1901, 'Шалыгино', 18),
(1902, 'Шатрище', 18),
(1903, 'Шостка', 18),
(1904, 'Ямполь', 18),
(1905, 'Байковцы', 19),
(1906, 'Белая', 19),
(1907, 'Белобожница', 19),
(1908, 'Белокриница', 19),
(1909, 'Бережаны', 19),
(1910, 'Боков', 19),
(1911, 'Борщев', 19),
(1912, 'Буданов', 19),
(1913, 'Бучач', 19),
(1914, 'Варваринцы', 19),
(1915, 'Великая Березовица', 19),
(1916, 'Великие Борки', 19),
(1917, 'Великие гаи', 19),
(1918, 'Великие Дедеркалы', 19),
(1919, 'Великий Глубочек', 19),
(1920, 'Вишневец', 19),
(1921, 'Гнилички', 19),
(1922, 'Гримайлов', 19),
(1923, 'Гусятин', 19),
(1924, 'Должанка', 19),
(1925, 'Домаморич', 19),
(1926, 'Дружба', 19),
(1927, 'Заводское', 19),
(1928, 'Залещики', 19),
(1929, 'Зализцы', 19),
(1930, 'Застеночное', 19),
(1931, 'Збараж', 19),
(1932, 'Зборов', 19),
(1933, 'Золотники', 19),
(1934, 'Золотой Поток', 19),
(1935, 'Иване-пусте', 19),
(1936, 'Козлов', 19),
(1937, 'Козова', 19),
(1938, 'Копычинцы', 19),
(1939, 'Коржова', 19),
(1940, 'Коропец', 19),
(1941, 'Косов', 19),
(1942, 'Кременец', 19),
(1943, 'Лановцы', 19),
(1944, 'Малые Бережцы', 19),
(1945, 'Мельница-Подольская', 19),
(1946, 'Микулинцы', 19),
(1947, 'Млиновцы', 19),
(1948, 'Монастыриска', 19),
(1949, 'Нагорянка', 19),
(1950, 'Надречное', 19),
(1951, 'Новое Село', 19),
(1952, 'Новоселка', 19),
(1953, 'Озеряны', 19),
(1954, 'Остров', 19),
(1955, 'Петриков', 19),
(1956, 'Плотыча', 19),
(1957, 'Подволочиск', 19),
(1958, 'Подвысокое', 19),
(1959, 'Подгайцы', 19),
(1960, 'Подгородное', 19),
(1961, 'Почаев', 19),
(1962, 'Почапинцы', 19),
(1963, 'Пробежная', 19),
(1964, 'Пышковцы', 19),
(1965, 'Рогачин', 19),
(1966, 'Саранчуки', 19),
(1967, 'Скала-Подольская', 19),
(1968, 'Скалат', 19),
(1969, 'Слободка', 19),
(1970, 'Смыковцы', 19),
(1971, 'Струсов', 19),
(1972, 'Ступки', 19),
(1973, 'Теребовля', 19),
(1974, 'Тернополь', 19),
(1975, 'Толстое', 19),
(1976, 'Толстолуг', 19),
(1977, 'Торское', 19),
(1978, 'Хоростков', 19),
(1979, 'Чортков', 19),
(1980, 'Шляхтинцы', 19),
(1981, 'Шумск', 19),
(1982, 'Александровка', 20),
(1983, 'Бабаи', 20),
(1984, 'Балаклея', 20),
(1985, 'Барвенково', 20),
(1986, 'Безлюдовка', 20),
(1987, 'Белый колодезь', 20),
(1988, 'Березовка', 20),
(1989, 'Берека', 20),
(1990, 'Бирки', 20),
(1991, 'Близнюки', 20),
(1992, 'Богодухов', 20),
(1993, 'Боровая', 20),
(1994, 'Буды', 20),
(1995, 'Валки', 20),
(1996, 'Васищево', 20),
(1997, 'Ватутино', 20),
(1998, 'Введенка', 20),
(1999, 'Великие проходы', 20),
(2000, 'Великий Бурлук', 20),
(2001, 'Владимировка', 20),
(2002, 'Волчанск', 20),
(2003, 'Высокий', 20),
(2004, 'Гонтов яр', 20),
(2005, 'Гуты', 20),
(2006, 'Дачное', 20),
(2007, 'Двуречная', 20),
(2008, 'Дергачи', 20),
(2009, 'Зачепиловка', 20),
(2010, 'Зидьки', 20),
(2011, 'Змиев', 20),
(2012, 'Золочев', 20),
(2013, 'Изюм', 20),
(2014, 'Казачья Лопань', 20),
(2015, 'Капитоловка', 20),
(2016, 'Кегичевка', 20),
(2017, 'Кисели', 20),
(2018, 'Ковшаровка', 20),
(2019, 'Ковяги', 20),
(2020, 'Коломак', 20),
(2021, 'Коммунар', 20),
(2022, 'Комсомольский', 20),
(2023, 'Комсомольское', 20),
(2024, 'Константиновка', 20),
(2025, 'Коробочкино', 20),
(2026, 'Коротыч', 20),
(2027, 'Кочеток', 20),
(2028, 'Красноград', 20),
(2029, 'Краснокутск', 20),
(2030, 'Краснопавловка', 20),
(2031, 'Кулиничи', 20),
(2032, 'Купянск', 20),
(2033, 'Куриловка', 20),
(2034, 'Лебяжье', 20),
(2035, 'Лиман', 20),
(2036, 'Липцы', 20),
(2037, 'Лозовая', 20),
(2038, 'Люботин', 20),
(2039, 'Малая Даниловка', 20),
(2040, 'Малая рогозянка', 20),
(2041, 'Малиновка', 20),
(2042, 'Манченки', 20),
(2043, 'Мартово', 20),
(2044, 'Мерефа', 20),
(2045, 'Михайловка', 20),
(2046, 'Мурафа', 20),
(2047, 'Наталино', 20),
(2048, 'Новая Водолага', 20),
(2049, 'Новоосиново', 20),
(2050, 'Новопавловка', 20),
(2051, 'Новопокровка', 20),
(2052, 'Новоселовка', 20),
(2053, 'Ольшаны', 20),
(2054, 'Орилька-1', 20),
(2055, 'Панютино', 20),
(2056, 'Пархомовка', 20),
(2057, 'Первомайский', 20),
(2058, 'Пересечная', 20),
(2059, 'Песочин', 20),
(2060, 'Печенеги', 20),
(2061, 'Пивденное', 20),
(2062, 'Подворки', 20),
(2063, 'Покотиловка', 20),
(2064, 'Полевая', 20),
(2065, 'Приколотное', 20),
(2066, 'Прудянка', 20),
(2067, 'Рогань', 20),
(2068, 'Савинцы', 20),
(2069, 'Сахновщина', 20),
(2070, 'Слатино', 20),
(2071, 'Солоницевка', 20),
(2072, 'Сосоновка', 20),
(2073, 'Староверовка', 20),
(2074, 'Старый Мерчик', 20),
(2075, 'Старый Салтов', 20),
(2076, 'Тарановка', 20),
(2077, 'Утковка', 20),
(2078, 'Харьков', 20),
(2079, 'Хорошево', 20),
(2080, 'Царедаровка', 20),
(2081, 'Циркуны', 20),
(2082, 'Чапаево', 20),
(2083, 'Червоный Донец', 20),
(2084, 'Черкасская Лозовая', 20),
(2085, 'Чкаловское', 20),
(2086, 'Чугуев', 20),
(2087, 'Шевченково', 20),
(2088, 'Шелестово', 20),
(2089, 'Шелудьковка', 20),
(2090, 'Эсхар', 20),
(2091, 'Антоновка', 21),
(2092, 'Аскания-Нова', 21),
(2093, 'Белозерка', 21),
(2094, 'Берислав', 21),
(2095, 'Борозенское', 21),
(2096, 'Брилевка', 21),
(2097, 'Великая Александровка', 21),
(2098, 'Великая кардашинка', 21),
(2099, 'Великая Лепетиха', 21),
(2100, 'Великие копаны', 21),
(2101, 'Верхние серогозы', 21),
(2102, 'Верхний Рогачик', 21),
(2103, 'Веселое', 21),
(2104, 'Высокополье', 21),
(2105, 'Гавриловка', 21),
(2106, 'Гаевое', 21),
(2107, 'Гениченская горка', 21),
(2108, 'Геническ', 21),
(2109, 'Голая Пристань', 21),
(2110, 'Горностаевка', 21),
(2111, 'Дарьевка', 21),
(2112, 'Днепряны', 21),
(2113, 'Жовтневое', 21),
(2114, 'Зализный порт', 21),
(2115, 'Ивановка', 21),
(2116, 'Казацкое', 21),
(2117, 'Казачьи лагеря', 21),
(2118, 'Каланчак', 21),
(2119, 'Калининское', 21),
(2120, 'Камышаны', 21),
(2121, 'Карьерное', 21),
(2122, 'Каховка', 21),
(2123, 'Коммуна', 21),
(2124, 'Коробки', 21),
(2125, 'Корсунка', 21),
(2126, 'Лазурное', 21),
(2127, 'Любимовка', 21),
(2128, 'Малокаховка', 21),
(2129, 'Нижние Серогозы', 21),
(2130, 'Новая збурьевка', 21),
(2131, 'Новая Каховка', 21),
(2132, 'Новая маячка', 21),
(2133, 'Новоалексеевка', 21),
(2134, 'Нововоронцовка', 21),
(2135, 'Новогригоровка', 21),
(2136, 'Новотроицкое', 21),
(2137, 'Партизаны', 21),
(2138, 'Приозерное', 21),
(2139, 'Раденск', 21),
(2140, 'Раздольное', 21),
(2141, 'Семихатка', 21),
(2142, 'Скадовск', 21),
(2143, 'Старая збурьевка ', 21),
(2144, 'Степановка', 21),
(2145, 'Счастливцево', 21),
(2146, 'Таврийск', 21),
(2147, 'Таврия', 21),
(2148, 'Фрунзе', 21),
(2149, 'Херсон', 21),
(2150, 'Цюрупинск', 21),
(2151, 'Чаплинка', 21),
(2152, 'Черноморьевка', 21),
(2153, 'Чернянка', 21),
(2154, 'Чкалово', 21),
(2155, 'Широкое', 21),
(2156, 'Щорсовка', 21),
(2157, 'Адамполь', 22),
(2158, 'Аннополь', 22),
(2159, 'Бахматовцы', 22),
(2160, 'Белогорье', 22),
(2161, 'Богдановцы', 22),
(2162, 'Буртын', 22),
(2163, 'Вербка', 22),
(2164, 'Виньковцы', 22),
(2165, 'Вишневчик', 22),
(2166, 'Войтовцы', 22),
(2167, 'Волковинцы', 22),
(2168, 'Волочиск', 22),
(2169, 'Гвардейское', 22),
(2170, 'Головчинцы', 22),
(2171, 'Городок', 22),
(2172, 'Грицев', 22),
(2173, 'Грузевица', 22),
(2174, 'Грушка', 22),
(2175, 'Гуменцы', 22),
(2176, 'Давыдковцы', 22),
(2177, 'Деражня', 22),
(2178, 'Довжок', 22),
(2179, 'Дунаевцы', 22),
(2180, 'Жванец', 22),
(2181, 'Закупное', 22),
(2182, 'Зиньков', 22),
(2183, 'Изяслав', 22),
(2184, 'Каменец-Подольский', 22),
(2185, 'Каменка', 22),
(2186, 'Клембовка', 22),
(2187, 'Климашовка', 22),
(2188, 'Княжполь', 22),
(2189, 'Копыстин', 22),
(2190, 'Корчевка', 22),
(2191, 'Красилов', 22),
(2192, 'Красноселка', 22),
(2193, 'Купин', 22),
(2194, 'Ленковцы', 22),
(2195, 'Лесовые гриневцы', 22),
(2196, 'Летичев', 22),
(2197, 'Лозовое', 22),
(2198, 'Маков', 22),
(2199, 'Малиничи', 22),
(2200, 'Масевцы', 22),
(2201, 'Мацьковцы', 22),
(2202, 'Михайлючка', 22),
(2203, 'Наркевичи', 22),
(2204, 'Нестеривци', 22),
(2205, 'Нетишин', 22),
(2206, 'Николаев', 22),
(2207, 'Новая Ушица', 22),
(2208, 'Новый кривин', 22),
(2209, 'Олешин', 22),
(2210, 'Петровское', 22),
(2211, 'Погорельцы', 22),
(2212, 'Полонное', 22),
(2213, 'Полянь', 22),
(2214, 'Понинка', 22),
(2215, 'Романины', 22),
(2216, 'Россоша', 22),
(2217, 'Рудня-новенькая', 22),
(2218, 'Русановцы', 22),
(2219, 'Сатанив', 22),
(2220, 'Сахкамень', 22),
(2221, 'Славута', 22),
(2222, 'Слободка-гуменецкая', 22),
(2223, 'Слободка-рыхтивская', 22),
(2224, 'Смотрич', 22),
(2225, 'Старая Синява', 22),
(2226, 'Староконстантинов', 22),
(2227, 'Старый кривин', 22),
(2228, 'Стриганы', 22),
(2229, 'Струга', 22),
(2230, 'Стуфчинцы', 22),
(2231, 'Судилков', 22),
(2232, 'Теофиполь', 22),
(2233, 'Улашановка', 22),
(2234, 'Хмельницкий', 22),
(2235, 'Чемеровцы', 22),
(2236, 'Червоная Зирка', 22),
(2237, 'Черный остров', 22),
(2238, 'Шаровечка', 22),
(2239, 'Шепетовка', 22),
(2240, 'Юркивцы с.', 22),
(2241, 'Ямполь', 22),
(2242, 'Ярмолинцы', 22),
(2243, 'Бабанка', 23),
(2244, 'Байбузы', 23),
(2245, 'Балаклея', 23),
(2246, 'Белозорье', 23),
(2247, 'Будище', 23),
(2248, 'Будки', 23),
(2249, 'Бужанка', 23),
(2250, 'Бузуков', 23),
(2251, 'Валява', 23),
(2252, 'Васильков', 23),
(2253, 'Ватутино', 23),
(2254, 'Великая яблоновка', 23),
(2255, 'Вербовец', 23),
(2256, 'Вергуны', 23),
(2257, 'Верхнячка', 23),
(2258, 'Вильховец', 23),
(2259, 'Вознесенское', 23),
(2260, 'Гарбузин', 23),
(2261, 'Гельмязов', 23),
(2262, 'Геронимовка', 23),
(2263, 'Городище', 23),
(2264, 'Дашуковка', 23),
(2265, 'Деньги', 23),
(2266, 'Дзензеловка', 23),
(2267, 'Драбов', 23),
(2268, 'Драбово-барятинское', 23),
(2269, 'Дубиевка', 23),
(2270, 'Ерки', 23),
(2271, 'Жашков', 23),
(2272, 'Звенигородка', 23),
(2273, 'Золотоноша', 23),
(2274, 'Иваньки', 23),
(2275, 'Ирдынь', 23),
(2276, 'Ирклиев', 23),
(2277, 'Каменка', 23),
(2278, 'Канев', 23),
(2279, 'Катеринополь', 23),
(2280, 'Киселевка', 23),
(2281, 'Колодистое', 23),
(2282, 'Коминтерн', 23),
(2283, 'Кононовка', 23),
(2284, 'Корсунь-Шевченковский', 23),
(2285, 'Красный Кут', 23),
(2286, 'Кременчуки', 23),
(2287, 'Ладыжинка', 23),
(2288, 'Лебедевка', 23),
(2289, 'Леськи', 23),
(2290, 'Лозивок', 23),
(2291, 'Лысянка', 23),
(2292, 'Майданец', 23),
(2293, 'Малый бузуков', 23),
(2294, 'Маньковка', 23),
(2295, 'Мартыновка', 23),
(2296, 'Матусив', 23),
(2297, 'Межирич', 23),
(2298, 'Михайловка', 23),
(2299, 'Млиев', 23),
(2300, 'Монастырище', 23),
(2301, 'Набутов', 23),
(2302, 'Новая дмитровка', 23),
(2303, 'Ольшана', 23),
(2304, 'Половинчик', 23),
(2305, 'Поташ', 23),
(2306, 'Почапинцы', 23),
(2307, 'Прохоровка', 23),
(2308, 'Рацево', 23),
(2309, 'Ротмистровка', 23),
(2310, 'Русская поляна', 23),
(2311, 'с. Литвинец', 23),
(2312, 'Сагуновка', 23),
(2313, 'Свидовок', 23),
(2314, 'Селище', 23),
(2315, 'Смела', 23),
(2316, 'Старые бабаны', 23),
(2317, 'Стеблев', 23),
(2318, 'Сушковка', 23),
(2319, 'Тальное', 23),
(2320, 'Ташлик', 23),
(2321, 'Умань', 23),
(2322, 'Хлыстуновка', 23),
(2323, 'Холоднянское', 23),
(2324, 'Хрещатик', 23),
(2325, 'Христиновка', 23),
(2326, 'Цибулев', 23),
(2327, 'Чапаевка', 23),
(2328, 'Червоная слобода', 23),
(2329, 'Черкассы', 23),
(2330, 'Чернобай', 23),
(2331, 'Чигирин', 23),
(2332, 'Шпола', 23),
(2333, 'Шрамковка', 23),
(2334, 'Ярославка', 23),
(2335, 'Ярошевка', 23),
(2336, 'Батурин', 24),
(2337, 'Бахмач', 24),
(2338, 'Безугловка', 24),
(2339, 'Белошицкая слобода', 24),
(2340, 'Березанка', 24),
(2341, 'Березна', 24),
(2342, 'Бобрик', 24),
(2343, 'Бобровица', 24),
(2344, 'Борзна', 24),
(2345, 'Боромыки', 24),
(2346, 'Бригинцы', 24),
(2347, 'Варва', 24),
(2348, 'Великая дорога', 24),
(2349, 'Великая дочь', 24),
(2350, 'Вертиевка', 24),
(2351, 'Гнединцы', 24),
(2352, 'Городня', 24),
(2353, 'Даниловка', 24),
(2354, 'Дмитровка', 24),
(2355, 'Добрянка', 24),
(2356, 'Замглай', 24),
(2357, 'Ичня', 24),
(2358, 'Киенка', 24),
(2359, 'Ковпыта', 24),
(2360, 'Козелец', 24),
(2361, 'Колычовка', 24),
(2362, 'Короп', 24),
(2363, 'Корюковка', 24),
(2364, 'Крапивное', 24),
(2365, 'Красное', 24),
(2366, 'Куликовка', 24),
(2367, 'Куты вторые', 24),
(2368, 'Ладан', 24),
(2369, 'Ладинка', 24),
(2370, 'Линовица', 24),
(2371, 'Лосиновка', 24),
(2372, 'Любеч', 24),
(2373, 'Макошино', 24),
(2374, 'Мена', 24),
(2375, 'Нежин', 24),
(2376, 'Новгород-Северский', 24),
(2377, 'Новое', 24),
(2378, 'Новоселовка', 24),
(2379, 'Новые Млыны', 24),
(2380, 'Новый белоус', 24),
(2381, 'Новый Быков', 24),
(2382, 'Носовка', 24),
(2383, 'Обычев', 24),
(2384, 'Олишевка', 24),
(2385, 'Остер', 24),
(2386, 'Павловка', 24),
(2387, 'Парафиевка', 24),
(2388, 'Политрудня', 24),
(2389, 'Прилуки', 24),
(2390, 'Равнополье', 24),
(2391, 'Репки', 24),
(2392, 'Рыбинск', 24),
(2393, 'Седнев', 24),
(2394, 'Семеновка', 24),
(2395, 'Сеньковка', 24),
(2396, 'Серебряное', 24),
(2397, 'Серединка', 24),
(2398, 'Слабин', 24),
(2399, 'Сосница', 24),
(2400, 'Старый белоус', 24),
(2401, 'Сядрине', 24),
(2402, 'Талалаевка', 24),
(2403, 'Толстолес', 24),
(2404, 'Хоробичи', 24),
(2405, 'Часниковка', 24),
(2406, 'Чернигов', 24),
(2407, 'Шестовица', 24),
(2408, 'Щорс', 24),
(2409, 'Берегомет', 25),
(2410, 'Боровцы', 25),
(2411, 'Бояны', 25),
(2412, 'Валя кузьмина', 25),
(2413, 'Вашковцы', 25),
(2414, 'Великий кучуров', 25),
(2415, 'Виженка', 25),
(2416, 'Вижница', 25),
(2417, 'Вороновица', 25),
(2418, 'Герца', 25),
(2419, 'Глинница', 25),
(2420, 'Глыбокая', 25),
(2421, 'Зарожаны', 25),
(2422, 'Заставна', 25),
(2423, 'Иванковцы', 25),
(2424, 'Ивановцы', 25),
(2425, 'Испас', 25),
(2426, 'Кельменцы', 25),
(2427, 'Киселев', 25),
(2428, 'Кицмань', 25),
(2429, 'Клишковцы', 25),
(2430, 'Комаровцы', 25),
(2431, 'Коровия', 25),
(2432, 'Корытное', 25),
(2433, 'Костинцы', 25),
(2434, 'Кострижевка', 25),
(2435, 'Красноильск', 25),
(2436, 'Левинцы', 25),
(2437, 'Лужаны', 25),
(2438, 'Мамаевцы', 25),
(2439, 'Мамалыга', 25),
(2440, 'Мариничи', 25),
(2441, 'Михальча', 25),
(2442, 'Молница', 25),
(2443, 'Нелиповцы', 25),
(2444, 'Неполоковцы', 25),
(2445, 'Новоднестровск', 25),
(2446, 'Новоселица', 25),
(2447, 'Окно', 25),
(2448, 'Путила', 25),
(2449, 'Ростоки', 25),
(2450, 'Селятин', 25),
(2451, 'Сокиряны', 25),
(2452, 'Сторожинец', 25),
(2453, 'Строинцы', 25),
(2454, 'Тарасивцы', 25),
(2455, 'Топоровцы', 25),
(2456, 'Хотин', 25),
(2457, 'Чагор', 25),
(2458, 'Черленовка', 25),
(2459, 'Черновцы', 25),
(2460, 'Чертория', 25),
(2461, 'Шишковци', 25),
(2462, 'Шпетки', 25);

-- --------------------------------------------------------

--
-- Структура таблицы `menu`
--

CREATE TABLE IF NOT EXISTS `menu` (
  `id` int(11) NOT NULL AUTO_INCREMENT,
  `name` varchar(30) NOT NULL,
  `type` varchar(15) NOT NULL,
  `p_id` int(11) NOT NULL,
  `p_id2` int(11) NOT NULL,
  `status` varchar(10) NOT NULL,
  `link` varchar(50) NOT NULL,
  `owner` varchar(10) NOT NULL,
  `access` varchar(10) NOT NULL,
  `main_link` varchar(150) NOT NULL,
  PRIMARY KEY (`id`)
) ENGINE=InnoDB  DEFAULT CHARSET=utf8 AUTO_INCREMENT=57 ;

--
-- Дамп данных таблицы `menu`
--

INSERT INTO `menu` (`id`, `name`, `type`, `p_id`, `p_id2`, `status`, `link`, `owner`, `access`, `main_link`) VALUES
(1, 'Главная', 'r', 0, 0, 'enable', '#', 'admin', '3', 'cabinet'),
(2, 'Контактные данные', 'd', 46, 0, 'enable', 'account', 'admin', '', ''),
(5, 'Мои Товары/Услуги', 'r', 0, 0, 'enable', '#', 'admin', '2', ''),
(6, 'Добавить товар', 'd', 5, 0, 'enable', 'add_product', 'admin', '', ''),
(41, 'Мои Заказы', 'r', 0, 0, 'enable', '#', 'admin', '3', ''),
(42, 'Мои сообщения', 'r', 0, 0, 'enable', '#', 'admin', '3', ''),
(43, 'Мои Отзывы', 'r', 0, 0, 'enable', '#', 'admin', '3', ''),
(44, 'Настройки Компании', 'r', 0, 0, 'enable', '#', 'admin', '2', ''),
(45, 'Статистика', 'r', 0, 0, 'enable', '#', 'admin', '2', ''),
(46, 'Мои Данные', 'r', 0, 0, 'enable', '#', 'admin', '3', ''),
(49, 'Справка', 'r', 0, 0, 'enable', '#', 'admin', '1', ''),
(50, 'Настройка Рассылки', 'd', 46, 0, 'enable', 'set_email', 'admin', '', ''),
(51, 'Удалить учетную запись', 'd', 46, 0, 'enable', 'delete_user', 'admin', '', ''),
(52, 'Общие Настройки', 'd', 44, 0, 'enable', 'company_info', 'user', '', ''),
(54, 'Регистрационные документы', 'd', 44, 0, 'enable', 'documents', 'user', '', ''),
(55, 'Редактировать товары', 'd', 5, 0, 'enable', 'edit_item', 'admin', '', '');

-- --------------------------------------------------------

--
-- Структура таблицы `orders`
--

CREATE TABLE IF NOT EXISTS `orders` (
  `id` int(11) NOT NULL AUTO_INCREMENT,
  `name` varchar(100) NOT NULL,
  `price` float NOT NULL,
  `buyer_data` varchar(3000) NOT NULL,
  `status` varchar(50) NOT NULL,
  `a_status` varchar(50) NOT NULL,
  `type_of_order` varchar(50) NOT NULL,
  `type_of_deliverance` varchar(50) NOT NULL,
  `seller_data` varchar(3000) NOT NULL,
  `adress` varchar(1000) NOT NULL,
  `date` datetime NOT NULL,
  `currency` varchar(10) NOT NULL,
  `quantity` varchar(25) NOT NULL,
  `item_id` int(11) NOT NULL,
  PRIMARY KEY (`id`)
) ENGINE=InnoDB  DEFAULT CHARSET=utf8 AUTO_INCREMENT=13 ;

--
-- Дамп данных таблицы `orders`
--

INSERT INTO `orders` (`id`, `name`, `price`, `buyer_data`, `status`, `a_status`, `type_of_order`, `type_of_deliverance`, `seller_data`, `adress`, `date`, `currency`, `quantity`, `item_id`) VALUES
(9, 'Угловая шлифмашина Интерскол УШМ-230/2300М', 2000, 'a:4:{s:4:"name";s:12:"Максим";s:7:"surname";s:18:"Приходько";s:5:"email";s:21:"mprihodko92@gmail.com";s:5:"phone";s:12:"380938246066";}', 'Новый', 'view', 'Наложенный платеж', 'Нова Пошта', 'a:16:{s:2:"id";s:1:"1";s:4:"name";s:5:"Admin";s:5:"email";s:5:"admin";s:8:"password";s:10:"prom_admin";s:7:"company";s:5:"Admin";s:9:"user_type";s:5:"admin";s:7:"usercat";s:4:"Maks";s:7:"surname";s:8:"Prihodko";s:10:"patronymic";s:13:"Alexandrovich";s:7:"country";s:14:"Украина";s:4:"city";s:18:"Запорожье";s:5:"phone";s:12:"380938246066";s:6:"street";s:19:"Ладожская ";s:8:"building";s:2:"17";s:10:"phone_more";s:0:"";s:8:"location";s:37:"Запорожская область";}', 'a:2:{s:8:"location";s:1:"1";s:4:"city";s:18:"Запорожье";}', '2015-06-18 16:03:29', '', '2', 10),
(10, 'Клапан 1102, 1103, 1105 впуск', 186, 'a:4:{s:4:"name";s:10:"фывыф";s:7:"surname";s:10:"фывфы";s:5:"email";s:13:"123@gmail.com";s:5:"phone";s:6:"051456";}', 'Новый', 'view', 'Наличные', 'Нова Пошта', 'a:16:{s:2:"id";s:1:"1";s:4:"name";s:5:"Admin";s:5:"email";s:5:"admin";s:8:"password";s:10:"prom_admin";s:7:"company";s:5:"Admin";s:9:"user_type";s:5:"admin";s:7:"usercat";s:4:"Maks";s:7:"surname";s:8:"Prihodko";s:10:"patronymic";s:13:"Alexandrovich";s:7:"country";s:14:"Украина";s:4:"city";s:18:"Запорожье";s:5:"phone";s:12:"380938246066";s:6:"street";s:19:"Ладожская ";s:8:"building";s:2:"17";s:10:"phone_more";s:0:"";s:8:"location";s:37:"Запорожская область";}', 'a:2:{s:8:"location";s:1:"1";s:4:"city";s:18:"Запорожье";}', '2015-06-18 18:24:38', 'Грн.', '1', 5),
(11, 'Стойка газовая АГАТ', 300, 'a:4:{s:4:"name";s:12:"Максим";s:7:"surname";s:18:"Приходько";s:5:"email";s:21:"mprihodko92@gmail.com";s:5:"phone";s:12:"380938246066";}', 'Новый', 'view', 'Наличные', 'Нова Пошта', 'a:16:{s:2:"id";s:7:"2548244";s:4:"name";s:12:"Максим";s:5:"email";s:21:"mprihodko92@gmail.com";s:8:"password";s:8:"qwer0987";s:7:"company";s:8:"Site&Seo";s:9:"user_type";s:4:"user";s:7:"usercat";s:6:"seller";s:7:"surname";s:18:"Приходько";s:10:"patronymic";s:26:"Александрович";s:7:"country";s:15:"Украина ";s:4:"city";s:18:"Запорожье";s:5:"phone";s:12:"380938246066";s:6:"street";s:19:"Ладожская ";s:8:"building";s:4:"17а";s:10:"phone_more";s:0:"";s:8:"location";s:37:"Запорожская область";}', 'a:2:{s:8:"location";s:1:"1";s:4:"city";s:18:"Запорожье";}', '2015-06-18 19:25:32', 'Грн.', '2', 2),
(12, 'Амортизатор KLS задний', 712, 'a:4:{s:4:"name";s:12:"Максим";s:7:"surname";s:18:"Приходько";s:5:"email";s:11:"m@gmail.com";s:5:"phone";s:12:"380938246066";}', 'Новый', 'view', 'Наличные', 'Нова Пошта', 'a:16:{s:2:"id";s:1:"1";s:4:"name";s:5:"Admin";s:5:"email";s:5:"admin";s:8:"password";s:10:"prom_admin";s:7:"company";s:5:"Admin";s:9:"user_type";s:5:"admin";s:7:"usercat";s:4:"Maks";s:7:"surname";s:8:"Prihodko";s:10:"patronymic";s:13:"Alexandrovich";s:7:"country";s:14:"Украина";s:4:"city";s:18:"Запорожье";s:5:"phone";s:12:"380938246066";s:6:"street";s:19:"Ладожская ";s:8:"building";s:2:"17";s:10:"phone_more";s:0:"";s:8:"location";s:37:"Запорожская область";}', 'a:2:{s:8:"location";s:1:"8";s:4:"city";s:3:"848";}', '2015-06-23 17:23:09', 'Грн.', '4', 17);

-- --------------------------------------------------------

--
-- Структура таблицы `partners`
--

CREATE TABLE IF NOT EXISTS `partners` (
  `id` int(11) NOT NULL AUTO_INCREMENT,
  `name` varchar(20) NOT NULL,
  `logo` varchar(200) NOT NULL,
  `link` varchar(30) NOT NULL,
  `status` varchar(10) NOT NULL,
  PRIMARY KEY (`id`)
) ENGINE=InnoDB  DEFAULT CHARSET=utf8 AUTO_INCREMENT=7 ;

--
-- Дамп данных таблицы `partners`
--

INSERT INTO `partners` (`id`, `name`, `logo`, `link`, `status`) VALUES
(1, 'Apple', '../../../logo/apple_1.jpg', 'https://www.apple.com/', 'enable'),
(3, 'Ray Ban', '../../../logo/images.png', 'http://www.rb.ua/', 'enable'),
(4, 'volkswagen', '../../../logo/x_a2f4c8c0.jpg', 'http://www.volkswagen.ua/', 'enable'),
(5, 'Sony', '../../../logo/sony.png', 'https://www.sony.ua/', 'enable'),
(6, 'creative', '../../../logo/creative_logo.jpg', 'http://ru.creative.com/', 'enable');

-- --------------------------------------------------------

--
-- Структура таблицы `product`
--

CREATE TABLE IF NOT EXISTS `product` (
  `id` int(11) NOT NULL AUTO_INCREMENT,
  `name` varchar(50) NOT NULL,
  `image_path` varchar(200) NOT NULL,
  `price` float NOT NULL,
  `subcat_id` int(11) NOT NULL,
  `status` varchar(10) NOT NULL,
  `description` text,
  `currency` varchar(5) DEFAULT NULL,
  `prod_code` int(15) DEFAULT NULL,
  `prod_quantity` varchar(20) NOT NULL,
  `id_user` int(10) NOT NULL,
  `ball` int(2) NOT NULL,
  `condition` varchar(10) NOT NULL,
  `prod_min_order` varchar(100) DEFAULT NULL,
  `min_img1` varchar(200) DEFAULT NULL,
  `min_img2` varchar(200) DEFAULT NULL,
  `min_img3` varchar(200) DEFAULT NULL,
  `city` varchar(100) NOT NULL,
  `views` int(11) NOT NULL,
  `date` datetime NOT NULL,
  PRIMARY KEY (`id`)
) ENGINE=InnoDB  DEFAULT CHARSET=utf8 AUTO_INCREMENT=28 ;

--
-- Дамп данных таблицы `product`
--

INSERT INTO `product` (`id`, `name`, `image_path`, `price`, `subcat_id`, `status`, `description`, `currency`, `prod_code`, `prod_quantity`, `id_user`, `ball`, `condition`, `prod_min_order`, `min_img1`, `min_img2`, `min_img3`, `city`, `views`, `date`) VALUES
(1, 'Шаровая опора Ланос Сенс Нексия CTR', '../../../uploads/products/1_sharovaya-opora-lanos-lanos-v-assortimente-222-B.jpg', 195, 2, 'enable', 'Шаровые опоры рычага Lanos (Sens, Nexia) производства CTR (Корея). Опора симметрична – по стороне установки не разделяется. Central Corporation является поставщиком шаровых опор на конвейер, поэтому заказав, например, нижние опоры GM на Ланос (Сенс, Нексию) в упаковке General Motors Вы получите эту же деталь но значительно дорóже. Не стоит переплачивать за упаковку!\n', 'Грн.', 94788122, 'Шт.', 2548244, 10, 'Новое', NULL, NULL, NULL, NULL, 'Днепропетровск', 1, '0000-00-00 00:00:00'),
(2, 'Стойка газовая АГАТ', '../../../uploads/products/1_4026380d65b558098b943c75118616f4.jpg', 300, 2, 'enable', 'Амортизатор 1102, 1103 Агат передний левый Спорт (стойка красная)', 'Грн.', 54740, 'Шт.', 2548244, 10, 'Новое', NULL, NULL, NULL, NULL, 'Луцк', 6, '0000-00-00 00:00:00'),
(4, 'Кирпич Куйбышево М-100 250х120х65', '../../../uploads/products/1_m150.jpg', 3.85, 3, 'enable', 'Марка по прочности: 100 кг/см2.\nИспользуется для укладки внутренних и наружных стен дома.\nВ ассортименте строительный рядовой кирпич М-100, М-125.', 'Грн.', 35242, 'Шт.', 1, 9, 'Новое', NULL, NULL, NULL, NULL, 'Луцк', 6, '0000-00-00 00:00:00'),
(5, 'Клапан 1102, 1103, 1105 впуск ', '../../../uploads/products/1_187735313_3_644x461_klapana-na-zaz-968m-avtozapchasti.jpg', 186, 1, 'enable', 'Клапана б/у ЗАЗ-968 совдепия комплект на движок 4 впусных 4 выпукных', 'Грн.', 2147483647, 'Упаковку', 1, 8, 'Б/у', NULL, NULL, NULL, NULL, 'Киев', 8, '0000-00-00 00:00:00'),
(8, 'Редукторы', '../../../uploads/products/2548248_1631608.jpg', 3500, 4, 'enable', 'Ном. №	Наименование	Кол-во, шт\n8220680	Редуктор Ч100	56\n8220681	Редуктор У2-100-31-12	4\n8220682	Редуктор У2-100-20-11	1\n8220683	Редуктор Ц2У-100-20-12	5\n8220684	Редутор Ц2У-125-40-12	2\n8220685	Редуктор 2У-100-20	3\n\n\n', 'Грн.', 43235252, 'Шт.', 2548248, 5, 'Б/у', '1 шт', '../../../uploads/products/2548248_min1631616.jpg', '../../../uploads/products/2548248_min1631620.jpg', '../../../uploads/products/2548248_min1631653.jpg', 'Запорожье', 0, '0000-00-00 00:00:00'),
(9, 'Угловая шлифмашина Metabo W 820-125  ', '../../../uploads/products/_img33257.jpg', 1243, 8, 'enable', 'Представляем вашему вниманию обновленный вариант болгарки W 780 – угловую шлифмашину Metabo W 820-125, рассчитанную на выполнение операций по зачистке, резке и шлифовке твердых поверхностей. Разработан инструмент с внедрением инноваций, конструкторам удалось сохранить компактный вид модели, при этом увеличить номинальный ресурс до 820 Вт.\n\n\nК поставленным задачам угловая шлифмашина Metabo W 820-125 легко адаптируется, является поистине незаменимой, при работе в узких и труднодоступных местах, на высоте. Комфорт при управлении обеспечивает корпус редуктора, переворачиваемый на 180 градусов, а также двухпозиционная боковая рукоятка, предупреждающая нежелательное соскальзывание рук. Высокий уровень безопасности поддерживает специальный кожух, защищающий пользователя от различных повреждений.\n\nПроцесс установки/смены кожуха особых проблем не составляет, а это немаловажно. Исполнена болгарка в соответствии с требованиями эргономики, выключатель расположен на корпусе с боковой стороны. Крутящий момент создается и поддерживается на уровне 1,8 Нм, число оборотов холостого хода составляет 10000 об/мин. На болгарке установлен износоустойчивый шлифовальный диск диаметром 125 мм, который и выступает в качестве режущего элемента.\n', 'Грн.', 3463434, 'Шт.', 1, 9, 'Новое', '', '../../../uploads/products/_min546bb7eb757d8-metabo_wx_2200-230_w_820-125_2-500x500.jpg', '../../../uploads/products/_minmetabo-winkelschleifer-w-820-125---diamanttrennscheibe.jpg', NULL, 'Запорожье', 9, '0000-00-00 00:00:00'),
(10, 'Угловая шлифмашина Интерскол УШМ-230/2300М', '../../../uploads/products/_uglovaya-shlifmashina-interskol-ushm-2302300m.jpg', 2000, 8, 'enable', 'Угловая шлифмашина Интерскол УШМ-230/2300М - удобный инструмент при выполнении шлифовальных, обдирочных и отрезных работ любой степени сложности. Болгарка оснащена 2300 Вт электродвигателем, к достоинствам которого можно отнести надежность и достаточный крутящий момент. Изделие рассчитано на работу с 230 мм отрезными дисками, также возможно использование чашечной проволочной насадки, и других принадлежностей – таким образом, достигается возможность расширения области применения инструмента.\n\n\nК преимуществам угловой шлифовальной машины Интерскол УШМ-230/2300М стоит отнести использование надежного и износостойкого редуктора в корпусе из магниевого сплава. Также обратите внимание на систему быстрой замены дисков, использующую возможность блокирования шпинделя.\n\n\nКомпактный корпус инструмента имеет эргономичный дизайн, при этом предоставлен доступ к щеткам двигателя для быстрой их замены.\n\n\nУдобность и мощь разумно сочетаются в данной модели, что делает ее привлекательной для покупки. Чтобы купить эту профессиональную угловую шлифовальную машину Интерскол УШМ-230/2300М по удобной цене, можно обратиться в магазин Клондайк, также у нас богатый выбор болгарок других производителей.\n', 'Грн.', 5180, 'Шт.', 1, 6, 'Б/у', '', '', '', '', 'Запорожье', 3, '0000-00-00 00:00:00'),
(11, 'ТЕПЛОВЕНТИЛЯТОР DELONGHI HVK 1010', '../../../uploads/products/1_174288.jpg', 400, 11, 'enable', 'Официальная гарантия производителя - 1 год. Тепловентилятор Delonghi HVK 1010 может использоваться везде где Вам будет холодно, он там сделает сразу тепло. Компактный напольный тепловентилятор Delonghi HVK 1010 может легко переноситься с помощью встроенной ручки.\n\n', 'Грн.', 47110090, 'Шт.', 1, 8, 'Новое', '', '', '', '', 'Запорожье', 0, '0000-00-00 00:00:00'),
(12, 'ТЕПЛОВЕНТИЛЯТОР SATURN ST HT 8340', '../../../uploads/products/1_1922742.jpg', 300, 11, 'enable', 'Тепловентилятор для 22 кв. м\n\nЕсли вы ищите устройство, которое будет дарить тепло средней площади, то рассмотрите вариант тепловентилятора SATURN ST HT 8340, которому под силу согревать до 22 кв. м или 66 куб м без труда.\n\nОснащенность\n\nДанное устройство оснащено термостатом и регулятором скорости вентилятора. Также этот тепловентилятор имеет два режима обогрева. Достаточно большой функционал дарит обладателям этого обогревающего устройства качество по дотупной цене.\n\nУдобство\n\nПоскольку есть два варианта установки данного тепловентилятора: настольный и напольный, устройство можно пристроить туда, куда вам будет удобнее, что является несомненным плюсом тепловентилятора SATURN ST HT 8340. Более того, оцените и удобство эксплуатации, ведь понятное и простое механическое управление сделает даже первое знакомство с функционалом этого тепловентилятора.', 'Грн.', 71159290, 'Шт.', 1, 10, 'Новое', '', '../../../uploads/products/1_minскачанные файлы.jpg', '../../../uploads/products/1_minsaturn_st-ht8349_1.jpg', '', 'Запорожье', 19, '0000-00-00 00:00:00'),
(13, 'Вилка сцепления Lanos, Nexia, Aveo, Espero, Leganz', '../../../uploads/products/1_659159065.jpg', 440, 13, 'enable', 'Вилка сцепления Ланос, Авео (рычаг) GM', 'Грн.', 94580796, 'Шт.', 1, 10, 'Новое', '', '../../../uploads/products/1_minDSC_6111.JPG', '../../../uploads/products/1_mind2babb73b74285e5087074cede0f1510.jpeg', NULL, 'Запорожье', 1, '0000-00-00 00:00:00'),
(14, 'Бензиновый генератор SDMO Technic 10000 E-AVR + MO', '../../../uploads/products/1_072c06ed-54a8-4cd0-a4fe-5a2dee28071e.jpg', 63000, 14, 'enable', 'Модельный ряд портативных бензиновых и дизельных электростанций SDMO представлен сериями, отличающимися эксплуатационными характеристиками, марками двигателей и другими особенностями, соответствующими требованиям различных ситуаций использования электростанций.\n\nСерия Technic\n\nМодельный ряд профессиональных однофазных и трехфазных бензиновых электростанций SDMO серии Technic на базе японских двигателей Honda и американских Kohler охватывают диапазон мощности от 2,2 до 15,2 кВт (19 kVA). Их отличает высокая нагрузочная способность и повышенная емкость топливная бака, обеспечивающая непрерывную работу электростанции без дозаправки в течение 10 часов и более. Ряд моделей этой серии оборудован электрическим стартером.\n', 'Грн.', 847496, 'Шт.', 1, 10, 'Новое', '', '../../../uploads/products/1_minbenzinovyy-generator-sdmo-technic-6500-e-avr-s-panelyu-modys-i-distancionnym-upravleniem_cdc29ab9cc21546_200x200.jpg', '../../../uploads/products/1_minTechnic 6500E AVR Auto modys.jpg', '../../../uploads/products/1_minFeatured-Image-Style-Essentials-Denim-New-Theme1-1800x700.jpg', 'Запорожье', 0, '0000-00-00 00:00:00'),
(15, 'Саморез Обыкновенный', '../../../uploads/products/1_images.jpg', 30, 7, 'enable', 'Саморез обыкновенный сильногазированый', 'Грн.', 47110090, '100 Шт.', 1, 10, 'Новое', '100 штук', '../../../uploads/products/1_minprd134drywall_screws.png', '../../../uploads/products/1_minsamorezy1.jpg', NULL, 'Запорожье', 0, '0000-00-00 00:00:00'),
(16, 'Клипса вареная автомобильная', '../../../uploads/products/1_AutoClips.jpg', 50, 35, 'enable', 'Клипса вареная автомобильная, заебатая', 'Грн.', 543634634, '10 Шт.', 1, 9, 'Новое', '100 штук', '../../../uploads/products/1_min2140017955.png', '../../../uploads/products/1_minclips_250.jpg', NULL, 'Запорожье', 1, '0000-00-00 00:00:00'),
(17, 'Амортизатор KLS задний', '../../../uploads/products/1_77748115_w640_h640_kls_na_tavriyuslavutu._001.jpg', 712, 2, 'enable', 'Амортизатор KLS задний Таврия Славута.\n\nАмортизаторы масляные, в сборе с сайлентблоками заднего амортизатора. Производитель CRB-KLS. На упаковке написано сделано в Корее, по факту производятся в Китае. По качеству "уверенный середнячок".\n\nЦена указана за пару, две штуки. ', 'Грн.', 2915006, 'Шт.', 1, 10, 'Новое', '2 шт.', '../../../uploads/products/1_minamortizator-tavriya-1102-perednij-vkladysh-kls-srb00001.jpg', NULL, NULL, 'Запорожье', 3, '0000-00-00 00:00:00'),
(18, 'Болт крепления заднего колеса завод', '../../../uploads/products/1_b12a1fa88f0a4f33c56c32a97ce81223.jpg', 120, 2, 'enable', 'Болт крепления заднего колеса Таврия Славута.\n\nЦена за 10 штук. Количество необходимое на одно колесо 3 штуки. Обиходное название: колёсная шпилька заднего диска. \n\nПроизводство ЗАЗ. ', 'Грн.', 3101047, 'Шт.', 1, 7, 'Новое', '3 штуки', '../../../uploads/products/1_min3101047-900x500.jpg', NULL, NULL, 'Запорожье', 3, '0000-00-00 00:00:00'),
(19, 'Болт крепления рычага и задней балки к кузову', '../../../uploads/products/1_12.jpg', 80, 2, 'enable', 'В сборе с гровером и гайкой. Цена за 1 шт. Болты крепления задней балки к кузову и крепления переднего рычага к кузову одинаковые.', 'Грн.', 2901024, '10 Шт.', 1, 9, 'Новое', '10', NULL, NULL, NULL, 'Запорожье', 3, '0000-00-00 00:00:00'),
(20, 'Сайлентблок заднего амортизатора (к-т 2 шт)', '../../../uploads/products/1_saylentblok-zadnego-am-ra-tavriya-k-kt-2-sht-avtozaz-1102-2915580_81cfdabf606c006_800x600_1.jpg', 940, 2, 'enable', 'Сайлентблок заднего амортизатора Таврия ЗАЗ 1102 Славута ЗАЗ 1103 Дана 1105 Пикап 110550.\n\nОбиходное название - втулка заднего амортизатора.\n\nПодходит: все амортизаторы производства агат мелитополь (стандарт , экстра , спорт  , газонаполненные ), все "кооперативные" амортизаторы, белорусские феникс, российские плаза.\n\nНе подходит: польские "кросно" или "делфи", для всех китайских амортизаторов - LSA, Zolex, AT, Master Sport, KLS и прочих китайцев. \n\nПроизводитель ЗАЗ, цена за 2 штуки. ', 'Грн.', 2915580, '10 Шт.', 1, 8, 'Новое', '100шт', '../../../uploads/products/1_minsaylentblok-zadnego-amortizatora-aveo-koreya-96535159_d461e9e8793b2d6_800x600.jpg', '../../../uploads/products/1_min318432.jpg', NULL, 'Запорожье', 1, '0000-00-00 00:00:00'),
(21, 'Шайба задней ступицы Т', '../../../uploads/products/1_hdfgdfdfgdfdfhhjj.jpg', 40, 2, 'enable', 'Шайба задней ступицы Таврия Славута.\n\nУстанавливается на заднюю ступицу между гайкой ступицы и наружным подшипником. Цена за 1 шт. Название по каталогу ЗАЗа - шайба специальная. ', 'Грн.', 3104055, '100 Шт.', 1, 7, 'Новое', '10 шт', '../../../uploads/products/1_minrweqwrdsd.jpg', NULL, NULL, 'Запорожье', 1, '0000-00-00 00:00:00'),
(22, 'Вкладыши коренные 0,25', '../../../uploads/products/1_0003.jpg', 55, 1, 'enable', 'Коренные вкладыши Таврия Славута Сенс Ланос 1.4.\n\nРазмер вкладышей +0,25 мм. В комплекте 10 вкладышей, цена за комплект на 1 двигатель.\n\nПодробней о размерах производителе и пр. на странице коренных вкладышей стандартного размера . ', 'Грн.', 1000102, 'Упаковку', 1, 10, 'Новое', '1уп.', '../../../uploads/products/1_min372.jpg', '../../../uploads/products/1_min2014_08_19_I8G_101318.jpg', NULL, 'Запорожье', 5, '0000-00-00 00:00:00'),
(23, 'Диски 7j/165*112 на AUDI A6.', '../../../uploads/products/2548244_AgLbtOKPRxA.jpg', 1100, 2, 'enable', 'Продам титанові диски 7j/165*112 стояли на AUDI A6. Стан на фото. Один Диск рихтували, не варили...  ', 'Грн.', 2147483647, 'Упаковку', 2548244, 7, 'Б/у', '1', '../../../uploads/products/2548244_min0pc8g6TuINA.jpg', '../../../uploads/products/2548244_min8_T03wn6a8g.jpg', '../../../uploads/products/2548244_minvxKNmYSS6ac.jpg', 'Запорожье', 0, '0000-00-00 00:00:00'),
(24, 'Iphone6', '../../../uploads/products/2548252_125071340-2-iphone_6_plus_16gb_gold_akilli_telefon.jpg', 18000, 23, 'enable', 'Технические характеристики\nЭкран 5.5 дюймов IPS, 1080x1920 точек, 401 точка на дюйм, датчик освещенности, датчик приближения\nСканер отпечатка пальца\nКамера 8 мегапикселей, автофокус, оптическая стабилизация, сенсор 1/3 дюйма, фронтальная камера 1.2 мегапикселя\nПроцессор двухъядерный 1.4 ГГц (ARM v8), 1 ГБ оперативной памяти, 16, 64, 128 ГБ встроенной\nWi-Fi 802.11 a/b/g/n/ac, двухдиапазонный, BT 4.0 LE, USB 2.0, LTE cat.4\nАккумулятор 2915 мАч Li-Pol, до 24 часов в режиме разговора (3G), до 384 часов в режиме ожидания (3G), до 80 часов проигрывания музыки\nЦвета корпуса – серебристый, золотой, серый\nРазмеры – 158.1х77.8х7.1 мм, вес – 172 грамма\nnanoSIM\nЦена – 36 990 (16 ГБ), 41 990 (64ГБ), 46 990 (128 ГБ)\nКомплект поставки\nТелефон\nЗарядное устройство с USB-кабелем (5В, 1А)\nИнструкция\nСкрепка для SIM-карты\nПроводная стереогарнитура', 'Грн.', 24235234, 'Шт.', 2548252, 10, 'Новое', '1 шт', '../../../uploads/products/2548252_min54441bb173398_15.jpg', '../../../uploads/products/2548252_miniph6_plus_uh_detail_01_clear.1000x1000.jpg', '../../../uploads/products/2548252_mine97b35fc5159ef522308bebea9a000da.jpg', 'Запорожье', 21, '0000-00-00 00:00:00'),
(25, 'Стойка масляная Geely MK Cross', '../../../uploads/products/2548244_312584.jpg', 560, 2, 'enable', 'Амортизационная стойка газо-масляная KYB EXCEL-G, двухтрубная система\nЗапатентованная клапанная схема и ёмкость со сжатым азотом\nИмеет трёхэтапную двойную клапанную систему, поршневой клапан с тефлоновым покрытием, запрессованные втулки и гильзы, хромированный шток поршня.\n\nОБРАТИТЕ ВНИМАНИЕ\nДорожный просвет уменьшился\n\nи чтобы вновь приподнять машину\nсзади под пружины установили проставку (от Nexia)\nспереди поставили проставку из текстолита между верхней опорой подшипника и кузовом', 'Грн.', 143543, 'Шт.', 2548244, 10, 'Новое', '2 шт', '../../../uploads/products/2548244_min334209-500x500.jpg', '../../../uploads/products/2548244_min960.jpg', NULL, 'Запорожье', 1, '0000-00-00 00:00:00'),
(26, 'Кронштейн реактивной тяги', '../../../uploads/products/2548244_krab-tavruja-avtozaz_UT000003887-500x500.jpg', 160, 2, 'enable', 'Кронштейн реактивной тяги. Народное название - краб на Таврию и Славуту.\n\nПроизводитель: АвтоЗАЗ.\n\nКрепится к брусу нижнему тремя болтами. В сайлентблок, установленный в краб затем вставляется реактивная штанга.', 'Грн.', 363463, 'Шт.', 2548244, 10, 'Новое', '1 шт', '../../../uploads/products/2548244_minslavuta_056-504x504.jpg', NULL, NULL, 'Запорожье', 2, '2015-06-23 16:55:06'),
(27, 'Sumsung  Galaxy S6 ', '../../../uploads/products/2548244_Samsung-Galaxy-S6-Black-Sapphire..jpg', 20000, 23, 'enable', 'Превосходное качество, неотразимый дизайн Навеянный работами стеклодувов и мастеров художественной ковки, телефон Samsung Galaxy S6 edge — это неразрывный союз стекла и металла. Подчеркните свой неповторимый стиль с помощью первого в мире телефона с экраном dual-edge, изящными изгибами и лучистыми стеклянными поверхностями, отражающими широкий спектр ослепительных цветов.', 'Грн.', 76575, 'Шт.', 2548244, 10, 'Новое', '', '../../../uploads/products/2548244_minsamsung_s6_concept_hajek_12.jpg', '../../../uploads/products/2548244_minSamsung-Galaxy-S6-concept01.jpg', '../../../uploads/products/2548244_minsamsung-galaxy-f.jpg', 'Запорожье', 23, '2015-06-23 17:08:09');

-- --------------------------------------------------------

--
-- Структура таблицы `settings`
--

CREATE TABLE IF NOT EXISTS `settings` (
  `parametr` varchar(100) NOT NULL,
  `value` varchar(3000) NOT NULL,
  `name` varchar(100) NOT NULL,
  `id` int(11) NOT NULL AUTO_INCREMENT,
  PRIMARY KEY (`id`)
) ENGINE=InnoDB  DEFAULT CHARSET=utf8 AUTO_INCREMENT=10 ;

--
-- Дамп данных таблицы `settings`
--

INSERT INTO `settings` (`parametr`, `value`, `name`, `id`) VALUES
('city', 'Запорожье 69121', 'Город', 1),
('street/build', 'Пр. Ленина 154', 'Улица/Дом', 2),
('email', 'illiquid.siteandseo@gmail.com', 'Почта', 3),
('phone1', '+38 093 824 60 66', 'Телефон 1', 4),
('phone2', '+38 093 824 60 66', 'Телефон 2', 5),
('tw_link', 'https://twitter.com', 'Ссылка Твиттер', 6),
('inst_link', 'https://instagram.com/', 'Ссылка Инстаграм', 7),
('fb_link', 'https://www.facebook.com/', 'Ссылка ФэйсБук', 8),
('vk_link', 'https://vk.com', 'Ссылка Вконтакте', 9);

-- --------------------------------------------------------

--
-- Структура таблицы `slider`
--

CREATE TABLE IF NOT EXISTS `slider` (
  `id` int(11) NOT NULL AUTO_INCREMENT,
  `path` varchar(200) NOT NULL,
  `text` varchar(500) NOT NULL,
  `header` varchar(50) NOT NULL,
  `status` varchar(10) NOT NULL,
  `act` int(1) NOT NULL,
  PRIMARY KEY (`id`)
) ENGINE=InnoDB  DEFAULT CHARSET=utf8 AUTO_INCREMENT=12 ;

--
-- Дамп данных таблицы `slider`
--

INSERT INTO `slider` (`id`, `path`, `text`, `header`, `status`, `act`) VALUES
(1, '../../../img/bg-01.jpg', 'Lorem ipsum dolor sit amet, consectetur adipiscing elit. Mauris ipsum erat, finibus sit amet fringilla id, accumsan sed nisl. ', 'Слайд Первый', 'disable', 0),
(2, '../../../img/bg-02.jpg', 'Lorem ipsum dolor sit amet, consectetur adipiscing elit. Mauris ipsum erat, finibus sit amet fringilla id, accumsan sed nisl. \n                    Nulla odio eros, blandit ac metus faucibus, sollicitudin posuere sapien. Maecenas ut convallis arcu. Phasellus at tellus \n                    sed odio vestibulum sodales in at lacus. Sed commodo metus et sapien pretium, ac sollicitudin enim dignissim. Donec tempus \n                    diam et porta aliquam. Ut efficitur sollicitudin diam a accumsan', 'Слайд Второй', 'disable', 0),
(7, '../../../img/020tyuhjkl.jpg', 'http://img1.wikia.nocookie.net/__cb20140810133949/naruto/ru/images/c/c7/020tyuhjkl.png', 'Слайд пятый', 'enable', 0),
(8, '../../../img/21-1800x700.jpg', 'http://img1.wikia.nocookie.net/__cb20140810133949/naruto/ru/images/c/c7/020tyuhjkl.png', 'Слайд шестой', 'enable', 0),
(9, '../../../img/0_37bbf_ba545d6d_orig.jpg', 'http://img1.wikia.nocookie.net/__cb20140810133949/naruto/ru/images/c/c7/020tyuhjkl.png', 'Слайд седьмой', 'disable', 0),
(10, '../../../img/slider_02-1800x700.jpg', 'http://img1.wikia.nocookie.net/__cb20140810133949/naruto/ru/images/c/c7/020tyuhjkl.png', 'Слайд восьмой', 'enable', 0),
(11, '../../../img/zp.jpg', 'Lorem ipsum dolor sit amet, consinibus sit amet fringilla id, accumsan sed nisl. \nLorem ipsum piscing elit. Mauris ipsum erat, finibus sit amet fringilla id, accumsan sed nisl. \nLorem ipsum dolor sit amet, consectetur adipi', 'Slide', 'enable', 1);

-- --------------------------------------------------------

--
-- Структура таблицы `subcategories`
--

CREATE TABLE IF NOT EXISTS `subcategories` (
  `id` int(11) NOT NULL AUTO_INCREMENT,
  `name` varchar(200) NOT NULL,
  `image_path` varchar(400) NOT NULL,
  `link` varchar(200) NOT NULL,
  `status` varchar(10) NOT NULL,
  `cat_id` int(11) NOT NULL,
  PRIMARY KEY (`id`)
) ENGINE=InnoDB  DEFAULT CHARSET=utf8 AUTO_INCREMENT=36 ;

--
-- Дамп данных таблицы `subcategories`
--

INSERT INTO `subcategories` (`id`, `name`, `image_path`, `link`, `status`, `cat_id`) VALUES
(1, 'Двигатель', '../../../uploads/subcat_image/PRJ000618_i2.jpg', 'dvs', 'enable', 1),
(2, 'Ходовая часть', '../../../uploads/subcat_image/hodovaya.jpg', 'hodovaja', 'enable', 1),
(3, 'Кирпич', '../../../uploads/subcat_image/2757_32_big.jpg', 'kirpich', 'enable', 2),
(4, 'Электростанок', '../../../uploads/subcat_image/201245567_3_644x461_prodam-derevoobrabatyvayuschiy-stanok-elektro-pila-tsirkulyarka-pilorama-elektroinstrument_rev015.jpg', 'stanok', 'enable', 24),
(7, 'Шурупы, саморезы', '../../../uploads/subcat_image/109339350_w200_h200_cid1037011_pid50135061-dd1fc3c2.jpg', 'shurupi_samorezi', 'enable', 2),
(8, 'Строительный инструмент', '../../../uploads/subcat_image/117662245_w640_h640_10385_500x500.jpg', 'stroitelniy_instrument', 'enable', 2),
(11, ' Тепловентиляторы бытовые', '../../../uploads/subcat_image/111727200_w640_h640_18541.jpg', 'teploventiliator', 'enable', 5),
(13, 'Трансмиссия', '../../../uploads/subcat_image/3cff47c22cb507f7a491ecbac18545f8.jpeg', 'transmission', 'enable', 1),
(14, 'Генераторы и электростанции', '../../../uploads/subcat_image/127999437_w200_h200_8.jpg', 'generatori_stancii', 'enable', 4),
(19, 'Лакокрасочные материалы и покрытия', '../../../uploads/subcat_image/lakokrasochnye-materialy-i-pokrytiyaD_5FCUvE2oI.jpg', 'lakokrasochnye-materialy-i-pokrytiya', 'disable', 18),
(20, 'Системы и средства пожарной безопасности', '../../../uploads/subcat_image/pozharotushenie70846750_w200_h200_shkovieognetushitelistatya.jpg', 'pozharotushenie', 'enable', 19),
(21, 'Альтернативные источники энергии', '../../../uploads/subcat_image/alternativnye-istochniki-energiiindustry_19.png', 'alternativnye-istochniki-energii', 'enable', 24),
(22, 'Оптические приборы и системы', '../../../uploads/subcat_image/opticheskie-pribory-i-sistemy106839634_w200_h200_cid518896_pid48815292-0427499a.jpg', 'opticheskie-pribory-i-sistemy', 'enable', 6),
(23, 'Техника и электроника', '../../../uploads/subcat_image/tehnika-i-elektronikaaudio-video.jpg', 'tehnika-i-elektronika', 'enable', 7),
(35, 'Детали салона', '../../../uploads/subcat_image/detali_avtosalonakraskivsalon.jpg', 'detali_avtosalona', 'enable', 1);

-- --------------------------------------------------------

--
-- Структура таблицы `user`
--

CREATE TABLE IF NOT EXISTS `user` (
  `id` int(11) NOT NULL AUTO_INCREMENT,
  `name` varchar(20) NOT NULL,
  `email` varchar(35) NOT NULL,
  `password` varchar(20) NOT NULL,
  `company` text NOT NULL,
  `user_type` varchar(10) DEFAULT NULL,
  `usercat` varchar(50) NOT NULL,
  `surname` varchar(50) NOT NULL,
  `patronymic` varchar(50) NOT NULL,
  `country` varchar(25) NOT NULL,
  `city` varchar(35) NOT NULL,
  `phone` varchar(20) NOT NULL,
  `street` varchar(30) NOT NULL,
  `building` varchar(10) NOT NULL,
  `phone_more` varchar(15) NOT NULL,
  `location` varchar(100) NOT NULL,
  PRIMARY KEY (`id`)
) ENGINE=InnoDB  DEFAULT CHARSET=utf8 AUTO_INCREMENT=2548276 ;

--
-- Дамп данных таблицы `user`
--

INSERT INTO `user` (`id`, `name`, `email`, `password`, `company`, `user_type`, `usercat`, `surname`, `patronymic`, `country`, `city`, `phone`, `street`, `building`, `phone_more`, `location`) VALUES
(1, 'Admin', 'admin', 'prom_admin', 'Admin', 'admin', 'Maks', 'Prihodko', 'Alexandrovich', 'Украина', 'Запорожье', '380938246066', 'Ладожская ', '17', '', 'Запорожская область'),
(2548244, 'Максим', 'm@gmail.com', 'qwer0987', 'Site&Seo', 'user', 'seller', 'Приходько', 'Александрович', 'Украина', 'Запорожье', '380938246066', 'ладожская', '1234', '0505315548', 'Запорожская область'),
(2548248, 'Максим', 'John@gmail.com', '24june92', 'Желтый дезик', 'user', 'seller', 'Приходько', 'Александрович', 'Украина ', 'Запорожье', '2712259', 'пр. Ленина ', '164', '380938246066', 'Запорожская область'),
(2548249, 'Maks', 'dji@fng.fgkmjd', 'qwer0987', 'NULL', 'user', 'buyer', 'Pryh', 'Alex', 'Украина ', 'Запорожье', '3578348343', 'пр. Ленина', '34', '', 'Запорожская область'),
(2548250, 'Максим', 'max@gmail.com', 'qwer0987', 'NULL', 'user', 'buyer', 'Приходько', 'Александрович', 'Украина', 'Запорожье', '380935154324', 'проспект Ленина', '166', '', 'Запорожская область'),
(2548251, 'Max', 'basfas@hs.com', 'qwer0987', 'NULL', 'user', 'buyer', 'Pryhodko', 'Alexandrovich', 'Украина', 'Киев', '235627612744823', 'пр. Краснозвездный', '6', '', 'Киевская область'),
(2548252, 'Steve', 'Cherry@gmail.com', 'qwer0987', 'Cherry', 'user', 'seller', 'Jobs', 'Leonidovich', 'Украина', 'Запорожье', '380975464432', '40 лет Советской Украины', '39', '0612543759', 'Запорожская область'),
(2548253, 'Alex', 'Rumjacks@gmail.com', 'qwer0987', 'ООО "Rumjacks"', 'user', 'seller', 'Moren', 'Bat''kovich', 'Украина', 'Запорожье', '1234567890', 'Пр. Ленина ', '152', '2345678', ''),
(2548272, 'Приходько', 'rwer@gmail.com', 'Приходько', 'NULL', 'user', 'buyer', 'Приходько', 'Приходько', 'Украина', 'Запорожье', '11111111', 'Чуйкова', '33', '', 'Запорожская область'),
(2548273, 'gsg', 'm.prihodko@ukrods.com.ua', '11111111', 'NULL', 'user', 'buyer', 'Приходько', 'dfgdf', 'Украина', 'Запорожье', '45774745745', 'Нижняя Днепровская', '22', '', 'Запорожская область'),
(2548274, 'Maks', 'пыа', '11111111', 'NULL', 'user', 'buyer', 'Приходько', '', 'Украина', 'Запорожье', '111111111', 'ладожская ', '17', '', 'Запорожская область'),
(2548275, 'Maks', 'mprihodko92@gmail.com', '1111111111', 'qwertyui', 'user', 'seller', 'Приходько', 'ф', 'Украина', 'Запорожье', '12345678', 'Днепровские Пороги', '25', '2345678', 'Запорожская область');

/*!40101 SET CHARACTER_SET_CLIENT=@OLD_CHARACTER_SET_CLIENT */;
/*!40101 SET CHARACTER_SET_RESULTS=@OLD_CHARACTER_SET_RESULTS */;
/*!40101 SET COLLATION_CONNECTION=@OLD_COLLATION_CONNECTION */;
